Sc_id	abspathanglesrate	doubleclicrate	enddistance	endpupilsize	eyemovementvelocity	fixationrate	fixationsaccadetimeratio	keypressedrate	leftclicrate	length	longestsaccadedistance	longestsaccadeduration	maxdistance	maxpupilsize	maxpupilvelocity	maxsaccadespeed	meanabspathangles	meandistance	meanfixationduration	meanpathdistance	meanpupilsize	meanpupilvelocity	meanrelpathangles	meansaccadedistance	meansaccadeduration	meansaccadespeed	mindistance	minpupilsize	minpupilvelocity	minsaccadespeed	numdoubleclic	numevents	numfixations	numkeypressed	numleftclic	numrightclic	numsaccades	numsamples	numsegments	relpathanglesrate	rightclicrate	startdistance	startpupilsize	stddevabspathangles	stddevdistance	stddevfixationduration	stddevpathdistance	stddevpupilsize	stddevpupilvelocity	stddevrelpathangles	stddevsaccadedistance	stddevsaccadeduration	stddevsaccadespeed	sumabspathangles	sumfixationduration	sumpathdistance	sumrelpathangles	sumsaccadedistance	sumsaccadeduration	timetofirstdoubleclic	timetofirstkeypressed	timetofirstleftclic	timetofirstrightclic
101a_allsc	0.00431705560013	0.0	629.745	2.785	0.428248223451	0.0032777683988	9.02477363216	0.0	9.31807069894e-05	912206	910.452764187	150.0	719.52	3.4	0.04625	10.3140710304	1.33493017653	613.839644425	212.155183946	132.423931838	2.55511755361	0.00299819706875	1.6393613756	132.62817436	38.6603878116	2.88529827934	420.14	1.72	0.0	1.0683281573	0	85	2990	0	85	0	1805	109576	40	0.00522967575636	0.0	719.52	2.56	1.06152629973	14.0521726065	152.353878346	161.035142004	0.108304678609	0.00312275264885	1.06058821459	144.550102482	20.4082612523	1.49524521079	3938.04402077	634344	390650.598921	4770.54160301	239393.85472	69782.0	-1	-1	46425	-1
Event_72	0.00538142567442	0.0	624.455	2.875	0.469763599332	0.00384874434716	6.86722376973	0.0	9.62186086789e-05	20786	696.701058356	92.0	636.885	2.96	0.02625	7.57283759083	1.41592802618	625.745663119	184.9	123.601343996	2.6451248465	0.00292019725753	1.62527010636	127.396427228	38.4642857143	2.83687134785	619.955	2.3	0.0	1.33102452929	0	2	80	0	2	0	56	2497	1	0.00609886790611	0.0	624.24	2.72	1.03296693552	1.59107363936	112.020635531	132.502584069	0.09698629749	0.00280572251296	1.01764007809	130.023434766	17.6418554845	1.39947165608	111.858314068	14792	9764.50617572	126.771068296	7134.19992474	2154.0	-1	-1	830712	-1
Event_63	0.00407819182921	0.0	625.975	2.695	0.358417801143	0.0034398034398	10.6105898123	0.0	8.9345543891e-05	22385	507.903872355	83.0	633.7	2.89	0.03375	6.77205163141	1.20118847496	625.291798313	205.597402597	105.568190508	2.5530559816	0.00301034711522	1.54607629118	94.2990035044	33.9090909091	2.57180201003	621.67	2.245	0.0	1.53497372383	0	2	77	0	2	0	44	2689	1	0.00518006351747	0.0	624.42	2.83	1.05669920658	0.794577208653	154.501427326	143.799774855	0.0867022377505	0.00303920587345	1.08515652478	85.7901649031	15.4269745362	1.09953575996	91.2903240968	15831	8023.18247858	115.955721839	4149.15615419	1492.0	-1	-1	853231	-1
Event_66	0.00370159341285	0.0	607.33	2.575	0.320784891745	0.00283998461675	10.0331588133	0.0	5.91663461823e-05	33803	623.239679595	84.0	626.32	2.75	0.04	7.41951999518	1.31710486458	606.43019872	239.541666667	114.142017849	2.50494931982	0.0028210178242	1.50627286993	113.641152812	35.8125	2.67279229451	581.95	2.115	0.0	1.37192270026	0	2	96	0	2	0	64	4060	1	0.00418867111716	0.0	600.935	2.75	1.0880572378	4.13067937273	203.117747374	156.656249827	0.10501326385	0.00311763084989	1.07350427172	120.97229011	18.0615130587	1.30351014895	125.124962135	22996	10843.4916957	141.589649773	7273.03377997	2292.0	-1	-1	347865	-1
Event_43	0.00460473291442	0.0	619.14	2.595	0.489880416827	0.00340402222396	8.71035747021	0.0	7.82533844589e-05	25558	739.043170336	92.0	629.1	2.96	0.04625	8.03307793843	1.36846237008	619.511460544	218.459770115	145.58562434	2.56908322281	0.00269881216491	1.61214101465	135.613273273	38.2807017544	2.8502716868	614.895	2.15	0.0	1.35545115839	0	2	87	0	2	0	57	3070	1	0.00536160835141	0.0	618.05	2.55	0.991305457045	1.05204583782	128.255631781	172.55703353	0.0951233642778	0.00285258082555	0.974206465408	159.620602499	20.9350648997	1.56655433188	117.687763827	19006	12520.3636933	137.031986245	7729.95657656	2182.0	-1	-1	538018	-1
Event_42	0.00431233300705	0.0	625.795	2.675	0.404257468581	0.00331906445809	9.3753403345	0.0	6.20385880017e-05	32238	480.046743241	108.0	645.2	2.955	0.03375	5.87839879164	1.31151878756	627.003551833	225.271028037	122.947662944	2.49398839356	0.00305825974982	1.48747549174	129.599399484	38.9545454545	2.87431062334	616.705	2.03	0.0	1.25582149367	0	2	107	0	2	0	66	3872	1	0.00484474615772	0.0	624.815	2.595	0.980013031694	3.59493961071	165.230631845	134.261275157	0.123416134867	0.0033938535907	0.955609945075	121.045536295	20.3344586795	1.21236547051	139.020991481	24104	13032.4522721	156.184926633	8553.56036596	2571.0	-1	-1	653126	-1
Event_41	0.00497402015804	0.0	599.62	2.68	0.352093499254	0.00350367886281	9.26662580447	0.0	7.50788327744e-05	39958	609.166185175	83.0	613.47	2.88	0.0288888888889	8.12221580233	1.42986976601	597.991423304	215.978571429	101.215482325	2.54495364517	0.00265063877168	1.6770078425	108.234653978	35.0860215054	2.70028095019	589.87	2.2	0.0	1.26311923487	0	3	140	0	3	0	93	4799	1	0.00579175840293	0.0	593.145	2.685	1.06499514292	2.71569974839	140.457908278	115.962926145	0.0834289382341	0.0028064052872	1.09026839526	104.22297155	15.2227346526	1.22211460556	198.751897475	30237	14068.9520432	231.427082264	10065.8228199	3263.0	-1	-1	227576	-1
Event_46	0.00383518718791	0.0	609.95	2.735	0.363401370127	0.00292981189758	10.3300673607	0.0	8.49220839879e-05	23551	773.561902108	100.0	642.825	2.93	0.0255555555556	10.2189388928	1.32827196268	608.823337269	244.47826087	125.859789233	2.55261904762	0.00247616455529	1.46279482382	130.497143447	36.2888888889	2.89376394853	539.76	1.94	0.0	1.40894993665	0	2	69	0	2	0	45	2829	1	0.00416149009367	0.0	610.945	2.48	1.02399243431	9.14697855432	150.44000257	163.356460105	0.100472594371	0.00259549810232	1.07042924366	169.58063459	19.4464558844	1.77060481268	90.3224934626	16869	8558.46566785	98.007253196	5872.37145512	1633.0	-1	-1	428829	-1
Event_45	0.00471488897832	0.0	594.97	2.67	0.320833844171	0.00324886289799	9.81411269089	0.0	8.66363439463e-05	23085	415.642773077	83.0	605.75	2.8	0.0255555555556	6.20362347875	1.47085421709	595.155764749	248.493333333	100.087152604	2.58172614712	0.00230779945701	1.60472376375	105.897274663	35.8301886792	2.63203697977	586.16	2.23	0.0	1.0683281573	0	2	75	0	2	0	53	2773	1	0.00507450009763	0.0	595.72	2.64	0.956293165223	4.23653878445	149.166909356	101.437920782	0.0805759505779	0.00223108660062	1.10754028797	87.0005015767	14.7631764472	1.074967838	108.843212064	18637	7406.44929268	117.144834754	5612.55555716	1899.0	-1	-1	83461	-1
Event_44	0.0040908795011	0.0	587.09	2.71	0.488240960022	0.003300330033	8.63793626707	0.0	5.28052805281e-05	37875	733.987401538	100.0	616.15	2.805	0.0222222222222	8.46652437147	1.24953275084	594.546514676	227.696	149.130051297	2.55545821197	0.00231638126998	1.67988587032	140.763737195	41.1875	2.86919249539	583.785	2.235	0.0	1.39313830722	0	2	125	0	2	0	80	4549	1	0.00545547094521	0.0	595.69	2.71	1.01174076837	6.06243783669	171.709066775	168.0376034	0.075380831943	0.00236236089463	1.05452672714	150.610611766	19.3437222015	1.54387392747	154.942061104	28462	18492.1263608	206.62596205	11261.0989756	3295.0	-1	-1	121670	-1
Event_59	0.00403617702127	0.0	624.305	2.715	0.411742201859	0.00305008561644	10.3163841808	0.0	0.000107020547945	18688	813.88970829	100.0	630.555	2.875	0.023125	8.1388970829	1.34692993167	622.786499776	256.280701754	137.404254792	2.5659164059	0.00280155799264	1.76142798296	174.221596996	40.4571428571	3.29666065941	616.205	2.295	0.0	1.65960551927	0	2	57	0	2	0	35	2245	1	0.00518399716731	0.0	620.385	2.83	1.11813533068	1.24147392659	188.127213265	185.56841242	0.0849696656593	0.00276857078571	1.03613469854	228.700069399	25.6105939214	1.97086352534	75.4280761735	14608	7694.63826833	96.8785390627	6097.75589485	1416.0	-1	-1	810058	-1
Event_69	0.00369687669526	0.0	619.61	2.59	0.367689964289	0.00304346061762	11.9299533022	0.0	8.11589498032e-05	24643	599.240838126	100.0	629.93	2.795	0.0211111111111	7.33443108432	1.23110989731	621.922235897	238.44	122.445726891	2.55332649573	0.00293803602058	1.48115962416	118.5451435	36.5609756098	2.77932814499	614.76	2.13	0.0	1.36892118362	0	2	75	0	2	0	41	2960	1	0.00438764162495	0.0	622.325	2.725	1.03464982239	1.65853201548	201.588840317	149.767456891	0.0907911593106	0.00279882419997	1.01845041018	133.063500604	18.868026898	1.41410739832	91.1021324013	17883	9060.98378996	108.124652564	4860.3508835	1499.0	-1	-1	595997	-1
Event_38	0.00416364511915	0.0	620.395	2.805	0.538287179833	0.00323240005704	6.80559085133	0.0	9.5070589913e-05	21037	539.455955946	117.0	639.69	3.4	0.02125	8.17357509009	1.30732242346	622.562586049	157.529411765	169.01414033	2.6825676916	0.00353926319028	1.65119084353	164.727499572	44.9714285714	3.35160876593	616.57	2.27	0.0	1.48134759511	0	2	68	0	2	0	35	2527	1	0.00518032968926	0.0	623.115	2.65	1.1906070589	4.06025239881	75.8245166882	184.465721735	0.130160349588	0.00310421811622	1.15251223918	132.936762462	21.6557093603	1.59226453599	87.5906023716	10712	11323.9474021	108.978595673	5765.46248503	1574.0	-1	-1	791578	-1
Event_39	0.00420243155916	0.0	628.86	2.685	0.452074386198	0.00320512820513	7.3949044586	0.0	0.000156347717323	12792	574.906891884	100.0	634.26	2.855	0.024375	6.76274557311	1.34393761262	628.591312336	198.219512195	144.573388706	2.60602034121	0.0036587027284	1.49024153217	195.869327034	49.9545454545	3.51957465196	626.74	2.01	0.0	1.29057552638	0	2	41	0	2	0	22	1537	1	0.0045434193054	0.0	628.25	2.74	1.10482539527	0.631070116034	133.22903441	138.907035055	0.103474086857	0.00341259070671	1.06198658789	153.502710915	22.2571064579	1.54351385071	53.7575045048	8127	5782.93554825	58.1194197547	4309.12519476	1099.0	-1	-1	932604	-1
Event_33	0.00382409916256	0.0	622.28	2.595	0.502818066998	0.0030097237228	11.84	0.0	0.000154344806297	12958	909.553098081	125.0	669.41	2.95	0.03125	10.3140710304	1.30401781443	618.644690178	197.333333333	171.460960846	2.62358272907	0.00421416187103	1.78520199205	258.370961352	50.0	3.90592544095	605.86	2.17	0.0	1.75660284534	0	2	39	0	2	0	13	1557	1	0.0050974281298	0.0	620.475	2.88	1.22983819921	12.5268472838	123.620244751	211.999380316	0.101414152797	0.00401187078575	1.21908081385	311.596201748	30.9892454463	2.65807168629	49.5526769485	7696	6515.51651216	66.052473706	3358.82249758	650.0	-1	-1	770026	-1
Event_31	0.00485648702275	0.0	625.055	2.775	0.462572185114	0.00384319754035	5.42956521739	0.0	0.000384319754035	5204	528.753146409	116.0	630.5	2.825	0.018125	7.34625245123	1.33016623507	624.841053055	156.1	126.696086912	2.6228778135	0.00364852150538	1.87382658861	193.575839136	47.9166666667	3.53454349713	623.09	2.345	0.0	1.469070005	0	2	20	0	2	0	12	626	1	0.00648133716276	0.0	624.18	2.73	1.09094706879	0.77345954664	79.8609976607	163.02605955	0.101708423466	0.00323563732355	0.955426433379	185.600459136	28.5798986363	1.76358954678	25.2731584664	3122	2407.22565133	33.728878595	2322.91006963	575.0	-1	-1	888192	-1
Event_74	0.00383437093633	0.0	626.79	2.58	0.3850402275	0.0033148815654	8.71935356721	0.0	6.43666323378e-05	31072	830.737734074	117.0	635.39	2.88	0.03875	7.10032251345	1.16805464445	626.420161993	214.766990291	117.293823028	2.52773482167	0.0029179755076	1.5762559105	121.483472907	36.768115942	2.7962068526	617.31	2.06	0.0	1.28600087315	0	2	103	0	2	0	69	3732	1	0.00512364337541	0.0	625.725	2.665	1.01993675081	0.991958816005	154.833699775	157.409449881	0.111635450368	0.00326573079454	1.08852690129	134.714096159	18.9101162838	1.30552574816	119.141573734	22121	11963.9699489	159.201846961	8382.3596306	2537.0	-1	-1	684248	-1
Event_34	0.00456592465594	0.0	599.005	2.715	0.460670301092	0.00331330623785	8.39106145251	0.0	8.83548330094e-05	22636	808.287034416	100.0	618.79	2.805	0.025	9.73839800501	1.39667933124	600.385400297	200.266666667	140.91530994	2.51188472943	0.00324902824298	1.68120911752	159.844154276	41.6279069767	3.31159243178	587.62	2.18	0.0	1.25756628578	0	2	75	0	2	0	43	2719	1	0.00542181770538	0.0	599.555	2.675	1.1844716195	4.06428904557	189.650627102	163.157490998	0.0936951864742	0.00328333001172	1.09979052894	154.979421672	21.8425352355	1.70044870047	103.354270512	15020	10427.7329355	122.728265579	6873.29863385	1790.0	-1	-1	251027	-1
Event_14	0.00459260234163	0.0	626.365	2.735	0.503515934696	0.00340657468915	8.76470588235	0.0	0.000113552489638	17613	521.746165471	100.0	643.55	2.82	0.03875	6.79144725733	1.37100856005	601.216536984	181.283333333	150.312307759	2.54011767531	0.00357158687943	1.85904558503	151.952772477	42.7931034483	3.20481955823	584.97	2.19	0.0	1.50005066973	0	2	60	0	2	0	29	2116	1	0.0061218783814	0.0	587.16	2.71	1.15136743083	11.6877511749	122.650819183	160.261391979	0.101155734103	0.00332016509051	1.09824262458	124.57144913	19.8303146548	1.41135420104	80.8895050432	10877	8868.4261578	107.824643932	4406.63040183	1241.0	-1	-1	139233	-1
Event_15	0.00371285502192	0.0	587.56	2.795	0.410384368545	0.00277744947406	10.2238095238	0.0	0.000177284008982	16922	539.139845936	83.0	719.52	2.91	0.035	6.4956607944	1.36584636263	589.673625687	182.723404255	150.967919229	2.58880809595	0.00360476947093	1.96195861786	144.922707566	40.0	3.18796734639	575.85	2.13	0.0	1.44347213292	0	3	47	0	3	0	21	2033	1	0.00521735833849	0.0	719.52	2.56	1.14705965066	19.5713644085	101.578348884	171.4162976	0.103817345152	0.00393774792809	1.17885325557	122.507497253	16.7511193656	1.41494927392	62.8289326809	8588	6944.52428452	88.2881378039	3043.3768589	840.0	-1	-1	46425	-1
Event_10	0.00404009030587	0.0	625.065	2.82	0.503554365521	0.00280533698255	9.6342015855	0.0	0.000136845706466	14615	633.405632211	83.0	633.815	2.925	0.0275	7.8170696905	1.47614799551	621.812283592	207.487804878	183.986176302	2.53644702842	0.00337257667824	1.51440500721	174.702220474	40.1363636364	3.56710229175	616.3	2.17	0.0	1.33025070079	0	2	41	0	2	0	22	1756	1	0.00404117655021	0.0	619.58	2.475	1.15646635333	2.33716474493	221.072965551	172.966313394	0.126070999831	0.00329880813534	1.13387729715	171.847484418	19.3496535088	2.03219889525	59.0459198203	8507	7359.44705208	59.0617952813	3843.44885042	883.0	-1	-1	553074	-1
Event_78	0.00442916536996	0.0	627.305	2.91	0.4282661078	0.00344875635756	8.2725799919	0.0	6.96718456072e-05	28706	776.604444879	109.0	637.01	2.95	0.025	8.53411477889	1.29738388888	627.235463458	206.313131313	125.447009087	2.59606506239	0.00295297329092	1.71561306334	129.788300157	39.1904761905	2.82441574846	621.56	2.26	0.0	1.45897847731	0	2	99	0	2	0	63	3448	1	0.00579720153083	0.0	625.27	2.77	1.08519193477	1.12547616167	138.714848201	163.808559854	0.105666506635	0.00292717718265	1.08286617667	147.001308746	19.9441616834	1.44208650709	127.14362111	20425	12293.8068905	166.414467144	8176.66290989	2469.0	-1	-1	916524	-1
Event_79	0.0045481569324	0.0	601.34	2.755	0.348474224299	0.00346896003469	10.7429795336	0.0	7.22700007227e-05	27674	733.633421221	83.0	608.405	2.825	0.0188888888889	8.83895688218	1.32490205208	598.819885127	235.114583333	101.512375613	2.55446795647	0.00227024902475	1.63464830865	92.6690061857	32.3230769231	2.45331785266	584.63	2.23	0.0	1.34421153562	0	2	96	0	2	0	65	3324	1	0.00555239361902	0.0	599.025	2.725	1.0644310981	2.05821710158	157.891759712	150.294589155	0.0802491086843	0.00220169364445	1.0982914796	111.870658494	13.9800166446	1.35956235555	125.865694947	22571	9643.67568326	153.656941013	6023.48540207	2101.0	-1	-1	278752	-1
Event_50	0.00423708880738	0.0	624.215	2.695	0.446006902163	0.00335912052117	9.45880149813	0.0	6.78610206298e-05	29472	794.570002022	109.0	654.995	2.895	0.0325	9.57313255449	1.27423960542	632.699755589	204.080808081	134.129749189	2.60187183308	0.00285401660664	1.61408436251	121.945690466	35.6	2.8363676521	620.705	2.195	0.0	1.3368055547	0	2	99	0	2	0	60	3540	1	0.00531237049279	0.0	625.88	2.68	0.966125063498	8.58696985796	131.207397499	172.690284037	0.0950516052415	0.00284943863939	0.991632022325	148.553083592	18.3757393487	1.59493687697	124.875481331	20204	13144.7154206	156.566183163	7316.74142794	2136.0	-1	-1	882845	-1
Event_51	0.00413519012329	0.0	617.41	2.725	0.373310223582	0.0032196813341	10.1351351351	0.0	8.25559316437e-05	24226	795.812789529	133.0	630.09	2.83	0.025625	8.65013901662	1.30102747957	618.340245816	240.384615385	117.452123071	2.59323396095	0.00261766705517	1.6496224938	127.526543871	36.2745098039	2.77723348168	614.115	2.11	0.0	1.31203945136	0	2	78	0	2	0	51	2910	1	0.00517507262976	0.0	616.01	2.77	1.06466454575	1.71786870326	155.69652723	152.462674747	0.0828325073899	0.0028448556258	1.05531793883	163.981088579	22.6601663113	1.51018849637	100.179115927	18750	9043.81347649	125.371309529	6503.85373743	1850.0	-1	-1	500958	-1
Event_52	0.0038856541239	0.0	601.02	2.625	0.429846438056	0.00316145818762	8.47625079164	0.0	8.39325182553e-05	35743	768.674744113	125.0	608.36	2.84	0.0275	8.35516026209	1.24004406563	602.365218592	236.884955752	137.178582459	2.52837256786	0.00248593720737	1.71952050541	149.320304769	38.987654321	3.0383675194	597.66	2.165	0.0	1.23612772342	0	3	113	0	3	0	81	4293	1	0.00533997638979	0.0	601.36	2.815	0.985385814742	1.51564755345	153.613484818	174.558002689	0.094602914713	0.00252083974109	0.967973074352	178.307506297	22.431280518	1.76678141481	138.884935351	26768	15364.0012354	190.8667761	12094.9446863	3158.0	-1	-1	313437	-1
Event_18	0.00403921381755	0.0	631.0	2.59	0.404127325145	0.00296120817293	6.52984389348	0.0	0.000148060408647	13508	505.491007525	141.0	635.5	2.9	0.0225	6.07934216609	1.39901795506	630.437144323	177.775	139.973125848	2.48337209302	0.00400276438629	1.56325568178	188.050505887	57.3157894737	2.99782465851	624.62	2.04	0.0	1.73016816527	0	2	40	0	2	0	19	1623	1	0.00439766922621	0.0	628.75	2.685	1.10724163674	1.25346764809	105.239041089	123.381142206	0.142048847729	0.0035295061354	1.06132887373	149.030925007	34.4674607123	1.31050606037	54.5617002475	7111	5458.95190806	59.4037159076	3572.95961184	1089.0	-1	-1	732825	-1
Event_55	0.0046501643963	0.0	610.83	2.425	0.444408339016	0.00351617440225	8.54062340317	0.0	8.79043600563e-05	22752	901.399836697	100.0	632.1	3.02	0.0275	9.79782431192	1.33924734613	611.055487486	208.925	127.989601637	2.5746469929	0.00280976288789	1.69374053013	117.12441922	35.5818181818	2.77352456172	602.42	2.27	0.0	1.24345630135	0	2	80	0	2	0	55	2733	1	0.00580659991871	0.0	611.62	2.65	1.02860757777	2.28350098581	137.739230322	184.234531688	0.0979735661253	0.00280226094052	0.986514447298	142.65584279	19.951506867	1.37892142415	105.800540345	16714	10111.1785293	132.11176135	6441.84305712	1957.0	-1	-1	402805	-1
Event_70	0.00499392764483	0.0	593.12	2.69	0.395224971315	0.00338306024293	10.4502923977	0.0	4.0759761963e-05	49068	600.294991584	117.0	650.51	3.22	0.0422222222222	8.00393322113	1.48510328289	594.930633827	226.06626506	117.532720561	2.57193420599	0.0027066761773	1.61400603063	111.374444625	37.0206185567	2.65812532412	420.14	1.72	0.0	1.07338063541	0	2	166	0	2	0	97	5893	1	0.00539449313247	0.0	627.98	2.62	1.09958324043	8.44675008083	178.132913793	130.199093175	0.0973542143071	0.00318250812702	1.0907658516	104.645719539	17.4958205613	1.27111002766	245.042041676	37527	19392.8988925	264.696989024	10803.3211286	3591.0	-1	-1	188285	-1
Event_71	0.00432442143481	0.0	624.795	2.645	0.334990520774	0.00307483427841	10.8662889518	0.0	7.98658254133e-05	25042	551.182999725	108.0	631.285	2.795	0.025	7.349106663	1.42489686277	623.56718866	249.077922078	110.379376595	2.53506074924	0.00271237407909	1.46610557408	100.123437295	35.3	2.41835028661	615.78	2.12	0.0	1.17183984599	0	2	77	0	2	0	50	3008	1	0.00439093994313	0.0	619.585	2.56	0.960271650256	1.13447054782	176.500168945	158.713951704	0.0795247511467	0.002697556119	1.00004429035	115.204586795	21.6137239092	1.15830455014	108.29216157	19179	8388.83262121	109.957918056	5006.17186475	1765.0	-1	-1	620930	-1
Event_1	0.00505062438138	0.0	595.655	2.705	0.556414323909	0.00401758641601	9.27607361963	0.0	0.000151607034566	13192	655.215052354	92.0	641.01	2.815	0.02625	8.27984112867	1.2813045546	596.66821519	171.169811321	141.158033866	2.5845443038	0.00323449837845	1.61729629146	140.550117724	37.6153846154	3.0681912887	589.53	2.32	0.0	1.17231465066	0	2	53	0	2	0	26	1585	1	0.00625243411645	0.0	589.53	2.78	1.00332598183	8.75447887421	84.6605747516	166.553312004	0.079997711726	0.00284219763018	1.02254978319	164.171206479	19.7607225031	1.76406139333	66.6278368392	9072	7340.21776101	82.4821108643	3654.30306081	978.0	-1	-1	60160	-1
Event_6	0.00417151684695	0.0	616.015	2.78	0.56720165579	0.00329579785773	6.49533291848	0.0	0.000109859928591	18205	910.452764187	150.0	627.83	2.835	0.0325	7.2836221135	1.28716041015	617.918148492	173.966666667	175.015358367	2.53796287703	0.00419652098535	1.94968445783	188.004177041	50.21875	3.29520576353	615.18	2.11	0.0	1.56354381932	0	2	60	0	2	0	32	2187	1	0.00621157366404	0.0	618.56	2.575	1.23723789881	1.45529174191	111.339603667	186.579918894	0.118217292477	0.00411266015017	1.08578754357	183.083697739	29.2924457673	1.52973495248	75.9424641987	10438	10325.9061437	113.081698554	6016.13366531	1607.0	-1	-1	477065	-1
Event_56	0.00475749492218	0.0	618.58	2.62	0.420485178895	0.00372947953781	7.89752650177	0.0	6.65978488895e-05	30031	670.068346735	108.0	624.8	2.82	0.0344444444444	8.56054200062	1.28713810818	616.303750708	199.553571429	113.762075742	2.55654532578	0.00267412434464	1.63274180926	126.881363116	37.2368421053	2.80306176441	608.53	2.04	0.0	1.32821603488	0	2	112	0	2	0	76	3607	1	0.00598054007588	0.0	609.92	2.725	1.06114815396	2.54512543334	126.060748925	140.464848519	0.0861878730507	0.00274013970453	1.08580261711	140.347869325	20.3822592278	1.50275196222	142.872330008	22350	12627.5904074	179.601599019	9642.9835968	2830.0	-1	-1	457294	-1
Event_4	0.00403820040079	0.0	611.645	2.66	0.418192034981	0.0028097404335	11.0839064649	0.0	0.0001337971635	14948	235.868714787	75.0	622.93	2.775	0.03	4.35130695063	1.47226877051	611.773633771	191.857142857	152.466696071	2.47241585853	0.00396236198864	1.41442561736	91.2997621832	34.619047619	2.52994968572	607.82	2.18	0.0	1.45707681116	0	2	42	0	2	0	21	1796	1	0.00378492271169	0.0	608.515	2.495	1.1266542898	1.51547887772	147.433254254	194.850851304	0.101569571044	0.00388535916884	1.09599914529	52.2074209725	14.0124094662	0.683633481206	60.3630195909	8058	6251.1345389	56.5770246943	1917.29500585	727.0	-1	-1	382485	-1
Event_5	0.0055114421363	0.0	617.965	2.63	0.743019941962	0.00352415334365	8.27261146497	0.0	0.000171909919202	11634	851.689843062	92.0	628.37	2.88	0.02625	10.0603233942	1.60300294534	618.273078035	158.390243902	216.10735012	2.58651372832	0.00381914207386	1.51907407217	201.058716604	43.6111111111	3.52459674438	614.58	2.225	0.0	1.51667549405	0	2	41	0	2	0	18	1398	1	0.00509230606967	0.0	617.43	2.72	1.08217157213	1.03537015138	98.7245861092	250.987104019	0.0844868981836	0.0034156592649	1.18043038431	251.700553676	25.693072742	2.58300613617	64.1201178137	6494	8644.29400478	59.2438888145	3619.05689887	785.0	-1	-1	512551	-1
Event_8	0.0036457826221	0.0	622.265	2.735	0.637690241912	0.00306211723535	8.06038647343	0.0	0.000109361329834	18288	561.706484939	92.0	631.93	2.91	0.04	7.48941979918	1.21225586533	623.417420654	178.767857143	212.03780262	2.5452747513	0.00384528346832	1.65482578532	192.716346133	46.0	3.59397150137	615.76	2.255	0.0	1.29892692479	0	2	56	0	2	0	27	2197	1	0.00488629661019	0.0	625.435	2.87	1.11238705106	1.78918952639	131.166097487	190.631813263	0.106990478037	0.00392536178655	1.06788264656	163.227676411	21.9790109668	1.79250258701	66.674072593	10011	11662.0791441	89.3605924071	5203.34134558	1242.0	-1	-1	571470	-1
Event_57	0.00434911893888	0.0	628.72	2.69	0.518603731234	0.00327407449955	10.3234672304	0.0	0.000114879807002	34819	615.887723767	116.0	635.57	2.85	0.0411111111111	7.91423584049	1.34010594985	627.297456098	214.166666667	159.798790423	2.4863402439	0.00319377998582	1.62551872779	134.710651428	39.4166666667	2.90940497365	621.395	2.065	0.0	1.29121585305	0	4	114	0	4	0	60	4182	1	0.00522869977633	0.0	626.71	2.6	0.977132546669	1.23349558102	172.514507107	195.481300792	0.098591582607	0.00336172839396	1.06171964624	135.91569944	20.588207639	1.40456213352	151.431972333	24415	18057.2633178	182.058097512	8082.63908568	2365.0	-1	-1	715528	-1
Event_54	0.00403252776953	0.0	620.32	2.875	0.34382689866	0.00303434882874	8.62041884817	0.0	8.09159687664e-05	24717	684.452378539	100.0	684.32	3.03	0.045	7.00861889945	1.34691876864	626.713604895	219.533333333	114.842830462	2.60876923077	0.00332229645257	1.69748700066	129.606049669	38.9795918367	2.85426179149	602.375	2.245	0.0	1.47435928085	0	2	75	0	2	0	49	2969	1	0.00501341388712	0.0	630.95	2.57	1.15428524839	15.2560376672	152.060739405	142.871874662	0.126201490727	0.00368560679247	1.01261795214	135.454457215	18.5668721517	1.38815253207	99.6719888794	16465	8498.36945419	123.916551048	6350.69643376	1910.0	-1	-1	757542	-1
Event_24	0.00425313295249	0.0	608.52	2.505	0.388207807139	0.00323827431317	9.11395178963	0.0	0.000104460461715	19146	472.642310141	125.0	618.97	2.82	0.03875	7.38994728184	1.33492595915	610.058685727	201.241935484	121.846338943	2.43968528369	0.00332488487819	1.84603712605	137.375409085	42.78125	2.74596452984	605.65	2.02	0.0	1.0908952951	0	2	62	0	2	0	32	2300	1	0.00578513671592	0.0	607.4	2.575	1.08928856704	1.4892948045	138.236633123	132.712637609	0.0870205943243	0.00344696371796	1.06892088568	135.154222503	28.1020426017	1.39855357246	81.4304835083	12477	7432.62667549	110.762227563	4396.01309071	1369.0	-1	-1	366528	-1
Event_26	0.00409211827411	0.0	629.745	2.785	0.455502679417	0.00342785914615	7.05153203343	0.0	0.000207749039161	9627	572.746634127	84.0	634.8	2.815	0.0225	6.94779875516	1.23108820703	629.708236364	153.424242424	137.035134211	2.586	0.00361028665652	1.76397370694	155.446873732	42.2352941176	3.15962687645	626.275	2.29	0.0	1.25081610135	0	2	33	0	2	0	17	1157	1	0.00568018956218	0.0	628.785	2.705	1.14141666576	1.27654599612	70.7142269557	157.367445883	0.0941539598364	0.00317951083564	1.05800546328	154.820510371	20.7591227288	1.74128121502	39.3948226249	5063	4385.12429475	54.6831849151	2642.59685345	718.0	-1	-1	943455	-1
Event_23	0.00327481762455	0.0	628.355	2.755	0.382246500557	0.00300827275006	8.228	0.0	0.000501378791677	3989	380.551293897	75.0	629.185	2.905	0.03125	6.45002193046	1.18756795494	627.887006369	171.416666667	138.616480975	2.59654989384	0.00417601495726	2.00028323687	168.919141127	41.6666666667	3.31799974245	627.175	2.36	0.0	1.6156218878	0	2	12	0	2	0	6	480	1	0.00501449796156	0.0	627.275	2.9	1.12870628592	0.466349058796	148.397168763	160.401740397	0.105582664775	0.00385641366781	1.00022055455	167.244971916	25.7189942779	1.94375871005	13.0632475043	2057	1524.78129072	20.0028323687	1013.51484676	250.0	-1	-1	920937	-1
101b_allsc	0.00406027699518	4.98055921719e-06	636.17	2.835	0.437961243121	0.00317095603494	9.07092168431	0.0	0.000137795471676	602342	977.871106561	208.0	670.66	3.46	0.0675	10.6477759766	1.30784778921	628.396542952	200.987958115	141.070829467	2.56518761847	0.00342124542345	1.64605639704	148.487448751	41.0423076923	3.02105622372	549.62	1.98	0.0	1.08302047486	3	86	1910	0	83	0	1040	72368	40	0.00500095162979	0.0	627.745	2.715	1.06936658712	5.80730781377	149.489115538	172.276406384	0.114548290016	0.00351395583096	1.03698200598	165.187895607	23.6687953923	1.54994167251	2445.67536583	383887	263802.451104	3012.28320659	154426.946701	42684.0	-1	-1	44683	-1
Event_61	0.00383335905714	0.0	619.13	2.68	0.293752953355	0.00318511912346	10.5439856373	0.0	0.000254809529876	15698	411.005953893	75.0	638.87	3.03	0.055	6.13441722228	1.228083071	616.748564914	234.92	94.1088543219	2.52332886266	0.00314472386588	1.80496384038	93.1455869871	34.8125	2.391204111	602.005	2.185	0.0	1.08302047486	0	4	50	0	4	0	32	1886	1	0.00551906385135	0.0	627.745	2.715	1.02536902705	6.49348697546	184.444542852	125.196566561	0.114307688582	0.00345942206019	1.00105818669	82.8023416028	17.2391854833	0.96194880791	60.176070479	11746	4611.33386177	86.6382643385	2980.65878359	1114.0	-1	-1	44683	-1
Event_60	0.00398200720136	0.0	629.94	2.725	0.349717213844	0.00300190661636	11.354375	0.0	8.11326112531e-05	24651	684.61449133	108.0	637.26	2.79	0.03125	9.12819321774	1.34466382905	631.08854795	245.5	118.094233404	2.46614029143	0.00326738116812	1.81338373816	121.49139992	35.5555555556	2.7622402127	623.63	2.125	0.0	1.27648133989	0	2	74	0	2	0	45	2961	1	0.0052964840837	0.0	631.415	2.79	1.03986201068	1.06813724329	216.43356094	163.813872135	0.0846053408567	0.00326467290545	0.998484289042	157.750029088	19.3067999744	1.5314003536	98.1604595207	18167	8620.87903847	130.563629147	5467.1129964	1600.0	-1	-1	295404	-1
Event_49	0.00446894384466	0.0	626.585	2.69	0.420123540695	0.00361654174747	9.70717839375	0.0	0.000104827297028	19079	626.645717743	83.0	630.765	2.87	0.0275	8.25157393225	1.25386734724	625.665902471	197.942028986	117.875544602	2.54943954104	0.00293662656235	1.69201343704	122.339596537	36.0769230769	3.00303897519	617.0	2.215	0.0	1.34918737221	0	2	69	0	2	0	39	2292	1	0.00594186803721	0.0	625.25	2.66	0.989758906166	0.728824018599	113.789393186	160.538190322	0.0910502571289	0.00298499589016	1.04715673521	127.019258976	16.2955993662	1.58230801566	85.2629796122	13658	8015.53703292	113.364900282	4771.24426495	1407.0	-1	-1	151439	-1
Event_48	0.00372560564791	3.94212953838e-05	621.79	2.7	0.381216730467	0.0026806480861	11.538513061	0.0	7.88425907675e-05	25367	849.246925233	125.0	626.515	3.46	0.04375	8.77781591576	1.41055878314	619.554520423	253.338235294	144.333205996	2.56388220277	0.00297418169266	1.6213506336	162.993703516	40.3513513514	3.04306950795	604.42	2.04	0.0	1.2329240449	1	3	68	0	2	0	37	3047	1	0.00421843898835	0.0	619.21	2.665	1.02618139108	2.50353680461	204.545992368	192.994269751	0.125720758877	0.00331076239161	0.982438338456	216.000568191	26.7397085252	1.97136220002	94.5074384705	17227	9670.32480174	107.009141818	6030.76703009	1493.0	71250	-1	70533	-1
Event_65	0.00387247438862	0.0	630.895	2.65	0.406160749414	0.00296035894352	9.38994481913	0.0	9.25112169851e-05	21619	824.659513002	100.0	640.02	2.84	0.025	8.24659513002	1.32887339377	630.989501765	239.296875	139.377607009	2.6044213417	0.00293822594784	1.68614954465	126.044023839	38.8333333333	2.68917446181	625.66	2.3	0.0	1.27212908169	0	2	64	0	2	0	42	2597	1	0.00483562013823	0.0	632.355	2.765	1.04148655459	1.50456366431	192.94358742	189.203065849	0.0831732353565	0.00310037442326	0.997520361424	150.705383783	18.8251475124	1.4142688023	83.7190238075	15315	8780.78924159	104.541271768	5293.84900125	1631.0	-1	-1	432665	-1
Event_64	0.00407713226205	0.0	630.55	2.865	0.469091443437	0.00345632462519	7.74064026044	0.0	8.97746655894e-05	22278	533.256996143	100.0	644.81	2.965	0.0344444444444	7.1100932819	1.19513621755	634.31530624	185.272727273	137.505515486	2.59435670262	0.00335437384304	1.78467690373	151.517370084	43.880952381	3.04648327454	628.14	2.22	0.0	1.40817397134	0	2	77	0	2	0	42	2676	1	0.00600820395815	0.0	632.855	2.88	1.08435549383	2.29186129199	122.064007838	173.2074565	0.115014074188	0.00342316089076	1.02716203928	136.471020027	22.5336630356	1.32327394119	90.8303525339	14266	10450.4191769	133.85076778	6363.72954351	1843.0	-1	-1	592221	-1
Event_67	0.00432546872677	0.0	631.76	2.805	0.437364786931	0.00302885381795	8.84034833091	0.0	0.00011956001913	25092	952.032324573	116.0	638.13	2.865	0.02375	9.09194888065	1.44712881723	631.509578415	240.434210526	146.324763116	2.55404721754	0.00281616982836	1.5461130465	158.914612408	43.0625	3.0082995696	624.71	2.08	0.0	1.1904780697	0	3	76	0	3	0	48	3014	1	0.00455971486693	0.0	628.925	2.57	0.998546428238	1.15343814704	201.365229407	206.318167357	0.0973467746301	0.00283035880701	1.01212106067	195.787992339	23.6421965445	1.71774484069	108.534661292	18273	10974.3572337	114.412365441	7627.90139556	2067.0	-1	-1	256254	-1
Event_68	0.00412095721097	0.0	623.6	2.605	0.457329003198	0.00310867406416	9.37626714371	0.0	8.63520573378e-05	23161	564.025716593	91.0	629.65	2.8	0.025	7.5203428879	1.34430267554	624.637205288	218.388888889	149.185873846	2.54771024605	0.00291101391447	1.47914370315	119.459876093	34.9375	2.86928642772	615.455	2.26	0.0	1.16649110641	0	2	72	0	2	0	48	2782	1	0.00447044856529	0.0	619.25	2.705	1.04050868528	1.11503560571	163.645662862	184.11730842	0.0844152605726	0.00297647138629	1.048389332	121.656635113	17.4921334903	1.51730963482	95.4454899632	15724	10592.1970431	103.540059221	5734.07405247	1677.0	-1	-1	105152	-1
Event_40	0.00387121137995	0.0	626.525	2.675	0.495945243789	0.00304333443599	10.6901798064	0.0	0.000132318888521	15115	759.080560599	117.0	633.64	2.77	0.0325	7.02852370925	1.30029688907	627.146682885	168.02173913	166.582496886	2.47682598741	0.00402386428982	1.62311868323	236.35425197	48.2	3.68989307547	623.06	2.06	0.0	1.66975197762	0	2	46	0	2	0	15	1816	1	0.00472492372228	0.0	627.495	2.55	1.12081893751	0.939186665971	112.401757426	181.863911902	0.0822497422682	0.003962868422	1.06079688051	271.729861543	36.204182868	1.98638983203	58.513360008	7729	7496.21235988	71.4172220623	3545.31377955	723.0	-1	-1	172450	-1
Event_47	0.00407563243437	0.0	625.84	2.855	0.418722636533	0.00373188936046	8.17263843648	0.0	0.000146348602371	13666	579.240965855	92.0	638.35	2.975	0.0675	6.83184908405	1.11395185696	628.111512631	196.784313725	114.445271017	2.64150338879	0.00301945819582	1.5838700624	140.88187098	38.375	3.28754923223	621.08	2.16	0.0	1.82484970821	0	2	51	0	2	0	32	1642	1	0.00567903066425	0.0	632.33	2.865	0.997204329615	3.45747708863	108.187857678	157.789642782	0.0919539963366	0.00324017413476	1.08101115488	120.016362781	16.0015120253	1.38194140321	55.6975928481	10036	5722.26355086	77.6096330577	4508.21987136	1228.0	-1	-1	534666	-1
Event_62	0.00417352658843	0.0	624.885	2.745	0.396025291761	0.00347610911448	9.12657290896	0.0	0.00011783420727	16973	597.186531349	92.0	632.215	2.84	0.02875	7.96248708465	1.22133218596	625.507838743	208.983050847	115.892022018	2.5472823287	0.00294001871042	1.68311454106	102.121305312	33.775	2.68325770809	598.82	2.28	0.0	1.09789164885	0	2	59	0	2	0	40	2039	1	0.00565236132918	0.0	624.03	2.795	1.02899763403	1.83921455649	128.623681458	155.69331502	0.0876577790547	0.0028135107187	1.02720459737	104.373156689	17.1710661527	1.27554023628	70.8372667854	12330	6721.73727706	95.9375288402	4084.85221246	1351.0	-1	-1	500196	-1
Event_32	0.00321422412152	0.0	633.25	2.46	0.502750665464	0.00278253424658	9.91233283804	0.0	0.000142694063927	14016	507.583372619	92.0	668.655	2.96	0.04	7.57587123312	1.18554119177	632.322090615	171.051282051	185.435613872	2.54217152104	0.00431835637481	1.68156421648	174.705948058	42.0625	3.53777809573	615.57	2.19	0.0	1.57817274995	0	2	39	0	2	0	16	1684	1	0.00443906078836	0.0	628.96	2.72	1.08249098613	9.56688804456	124.412291811	175.243078908	0.0923778760654	0.00426115912786	1.18592078971	159.331526871	21.650153964	1.78332927733	45.0505652873	6671	7046.55332715	62.2178760096	2795.29516893	673.0	-1	-1	334337	-1
Event_30	0.00392276167658	0.0	625.34	2.935	0.374874218119	0.00282717059743	6.14318975553	0.0	0.000148798452496	13441	407.98764083	100.0	653.97	3.01	0.03625	5.43983521107	1.42502269446	629.217976017	138.868421053	136.180658533	2.6353997093	0.00419690202317	1.68024394668	155.718764021	53.6875	2.62556656938	619.66	2.35	0.0	1.41372331637	0	2	38	0	2	0	16	1615	1	0.00450031858348	0.0	629.59	2.935	1.14938604597	4.17202812578	62.8804833954	145.676453231	0.0988923387413	0.00403647459472	1.12769592685	110.598019736	27.7265666825	0.942489902742	52.7258396949	5277	5038.68436573	60.4887820805	2491.50022434	859.0	-1	-1	555544	-1
Event_36	0.00393505022064	0.0	638.785	2.76	0.504021446789	0.00295584703492	10.7608695652	0.0	0.000123160293121	16239	726.507558363	108.0	645.51	2.9	0.025625	8.06369577664	1.35960171347	639.170341287	185.625	174.144771796	2.56462264151	0.00391007138423	1.39432046989	188.380058926	41.4	3.61327513148	629.1	2.21	0.0	1.4222921343	0	2	48	0	2	0	20	1951	1	0.00394967310887	0.0	636.975	2.74	1.0822018496	2.41630961304	131.756807729	193.347407952	0.110182810578	0.00357294499019	1.05738018678	218.694987464	25.9339241352	1.84138986171	63.901280533	8910	8184.8042744	64.138741615	3767.60117851	828.0	-1	-1	620769	-1
Event_37	0.00394826965835	0.0	619.25	2.665	0.528088782543	0.00289449112979	9.13440860215	0.0	0.000186741363212	10710	714.315603062	125.0	632.9	2.835	0.030625	5.71452482449	1.40953226803	623.139063761	164.419354839	188.527695368	2.5400322841	0.00451377569501	1.68620329656	156.168498938	46.5	2.71423748867	617.08	1.99	0.0	1.45452004492	0	2	31	0	2	0	12	1287	1	0.00456581658267	0.0	621.805	2.725	1.2045060474	1.19954348612	113.799172286	203.271030415	0.0991861010437	0.00409290931453	1.1094782435	188.878585041	31.384709653	1.17353501517	42.2859680409	5097	5655.83086104	48.8998956004	1874.02198726	558.0	-1	-1	82125	-1
Event_53	0.00383673597972	0.0	626.315	2.705	0.436461312622	0.00323930354974	10.4487341772	0.0	8.99806541594e-05	22227	895.331350884	134.0	637.1	2.93	0.0333333333333	7.71837371452	1.20111451579	628.850364226	229.291666667	136.636980221	2.58504385965	0.00286021814007	1.61156930053	143.107277329	38.5365853659	2.87432436632	622.29	2.17	0.0	1.2939408067	0	2	72	0	2	0	41	2670	1	0.00507535209597	0.0	630.255	2.73	1.08646258821	2.1648095862	168.646345317	198.943345495	0.0811567927649	0.00307694566108	1.03287499487	209.335259947	25.6252781068	1.59277059468	85.2791306213	16509	9701.22559566	112.809851037	5867.3983705	1580.0	-1	-1	390601	-1
Event_35	0.00349303531662	0.0	630.495	2.775	0.40834896171	0.0027161611589	7.41348973607	0.0	0.000226346763241	8836	527.638515952	100.0	635.9	2.935	0.05375	7.13025021556	1.34193304599	630.831452381	210.666666667	156.877018508	2.53266190476	0.00416653375864	1.52555058464	169.395932283	45.4666666667	3.17232482525	627.15	2.09	0.0	1.20811853974	0	2	24	0	2	0	15	1062	1	0.00379833780693	0.0	628.695	2.47	1.05994956298	0.942307959169	181.504980568	169.099059789	0.127979774439	0.00429612439137	1.07133939369	160.346230328	24.4624104252	1.75557333071	30.8644600577	5056	3608.17142567	33.562112862	2540.93898424	682.0	-1	-1	357631	-1
Event_58	0.00458858466516	0.0	623.375	2.795	0.460034563183	0.00328642453864	7.55700325733	0.0	8.42672958625e-05	23734	894.413182038	116.0	667.45	3.22	0.021875	10.6477759766	1.41435673303	627.81271532	208.205128205	141.798186008	2.61916730183	0.00297949861908	1.58825741148	163.618154638	40.5471698113	3.26139275227	605.34	2.26	0.0	1.52499159062	0	2	78	0	2	0	53	2851	1	0.00508584997357	0.0	630.99	2.655	1.15367640404	9.92065252695	161.375367773	187.061527039	0.121598524359	0.00290076424297	1.07874189185	201.587104636	23.5947892208	1.85354491983	108.905468443	16240	10918.4603226	120.707563273	8671.76219581	2149.0	-1	-1	456724	-1
Event_16	0.00457434953705	0.0	624.075	2.725	0.608817433085	0.00377995275059	8.03950834065	0.0	0.000202497468782	14815	494.564569315	84.0	630.215	2.88	0.04375	7.2563942029	1.2321634253	622.865850029	163.517857143	163.993277657	2.62103033772	0.00375087954967	1.62367991299	150.941022353	39.275862069	3.32828929904	611.065	2.13	0.0	1.39242628726	0	3	56	0	3	0	29	1780	1	0.00591823930487	0.0	623.445	2.825	1.12425005156	3.76938754727	99.7165056222	182.641181747	0.101253867015	0.00385393519314	1.103502018	131.295294934	20.6586138239	1.59135922214	67.7689883914	9157	9019.63027115	87.6787153017	4377.28964824	1139.0	-1	-1	471249	-1
Event_17	0.0031734113929	0.0	628.945	2.595	0.351293284212	0.00331729971803	16.9029126214	0.0	0.000331729971803	6029	138.080385165	41.0	634.26	2.81	0.02625	3.36781427231	1.00697354146	629.077294854	174.1	111.470905816	2.54613351878	0.00407142302917	1.85426877862	75.6917394856	29.4285714286	2.48642807512	625.82	2.295	0.0	1.75911667023	0	2	20	0	2	0	7	725	1	0.00553604876681	0.0	630.095	2.72	0.968480954199	0.854706748559	95.6869347073	140.511467696	0.0797497931136	0.00377022050893	1.08805997891	35.2282237033	8.07995756707	0.593311094716	19.1324972878	3482	2117.94721051	33.3768380151	529.842176399	206.0	-1	-1	232661	-1
Event_11	0.0041544313827	0.0	629.665	2.915	0.564893260362	0.00333148250972	8.69398907104	0.0	0.000277623542476	7204	624.502852918	83.0	635.505	2.94	0.0211111111111	7.52413075804	1.30124016004	630.860769231	198.875	176.934393376	2.65868881119	0.00357029013791	1.62199473276	178.408771144	42.2307692308	3.5320786615	626.03	2.39	0.0	1.97953338723	0	2	24	0	2	0	13	866	1	0.00495334315947	0.0	626.03	2.84	1.04900313185	1.83668247114	172.69281914	164.079951428	0.0871940385849	0.00318594763535	0.84836116369	184.698457903	24.0768001963	1.70482803532	29.9285236809	4773	4069.49104765	35.6838841208	2319.31402488	549.0	-1	-1	541974	-1
Event_12	0.00365183218635	0.0	636.17	2.835	0.38363777589	0.00313883299799	12.1644245142	0.0	0.000160965794769	12425	748.495212237	167.0	642.64	2.87	0.0311111111111	7.43856350034	1.19405302409	637.770553997	208.666666667	125.439456985	2.52906381487	0.00382953298856	1.67421208467	138.091799796	41.8125	2.63096895488	635.395	2.2	0.0	1.3965848594	0	2	39	0	2	0	16	1493	1	0.00498558125817	0.0	638.7	2.775	1.12597808077	1.12873982282	156.937522489	139.969863551	0.105943464542	0.00394624990697	1.06162227075	191.36433877	35.1628947424	1.59271020036	45.3740149155	8138	4766.69936544	61.9458471327	2209.46879673	669.0	-1	-1	633217	-1
Event_13	0.00359110469861	0.0	630.085	2.8	0.484011787992	0.00345107592367	11.7336343115	0.0	0.000203004466098	9852	463.420344234	83.0	634.93	2.85	0.02875	5.74582105457	1.07210798457	629.349647708	152.882352941	144.499519252	2.56187181664	0.00440368871853	1.92801914914	171.449611274	44.3	3.55870459063	626.82	2.12	0.0	1.91934966345	0	2	34	0	2	0	10	1184	1	0.00626234396797	0.0	628.99	2.78	1.11703474921	0.569908792058	93.4619561902	153.448213464	0.101262831904	0.00409666208785	1.15385093984	126.040570121	20.2651863494	1.32647033434	35.3795634907	5198	4768.4841353	61.6966127724	1714.49611274	443.0	-1	-1	226640	-1
Event_76	0.00462628908403	4.07448152223e-05	627.905	2.47	0.433789223782	0.00313735077211	10.1235294118	0.0	4.07448152223e-05	24543	378.540596578	117.0	634.75	2.72	0.02875	5.03637724668	1.49398701302	627.657911088	223.506493506	140.085380517	2.51915379334	0.00306768381368	1.56311807311	121.875928745	41.4634146341	2.69790539052	624.875	2.26	0.0	1.18943841239	1	2	77	0	1	0	41	2948	1	0.00477667177945	0.0	626.505	2.63	1.1314629254	1.12184683479	160.564106182	171.07224784	0.0696117053828	0.00303625402384	1.02316394915	92.859255132	20.1160353462	0.927550942788	113.543012989	17210	10646.4889193	117.233855483	4996.91307854	1700.0	196236	-1	197392	-1
Event_77	0.0036361926194	0.0	628.945	2.75	0.354525483452	0.00299690150861	12.7813051146	0.0	0.000101589881648	19687	977.871106561	142.0	634.99	2.82	0.0425	6.88641624339	1.23423662238	628.923977518	245.661016949	120.336951599	2.54310851708	0.00292649683987	1.58893165433	113.364792795	36.5806451613	2.53486962201	623.685	2.08	0.0	1.51660605265	0	2	59	0	2	0	31	2365	1	0.00460045229322	0.0	627.855	2.485	1.02571175391	1.2768372689	182.967833066	175.127074096	0.0837377005435	0.003134576374	1.06019111504	174.246592056	25.118086702	1.07621518358	71.5857240982	14494	6979.54319272	90.5691042966	3514.30857666	1134.0	-1	-1	216738	-1
Event_75	0.00446147743607	0.0	629.275	2.765	0.446512108758	0.00366125437759	7.50260869565	0.0	0.000106123315292	18846	760.652740964	100.0	635.99	2.79	0.023125	8.2679645757	1.23648534941	630.244986493	187.565217391	123.749517671	2.53166366502	0.00311582453494	1.66486316067	142.689533052	39.2045454545	2.93244779306	619.78	2.07	0.0	1.32298348794	0	2	69	0	2	0	44	2264	1	0.00591880673695	0.0	629.95	2.64	1.12077138361	0.977906593762	102.875778642	169.007147582	0.0764291102911	0.00310543887122	1.05083302398	177.865642253	21.1973885463	1.61450927704	84.0810037601	12942	8414.96720166	111.545831765	6278.33945429	1725.0	-1	-1	314142	-1
Event_73	0.00396268195789	0.0	632.315	2.765	0.357187703842	0.00338245953129	9.25910194175	0.0	9.66417008939e-05	20695	507.115648012	83.0	635.68	2.925	0.02875	8.74337324158	1.1885174365	626.759371951	217.985714286	107.130427986	2.68812195122	0.00276350371579	1.70978710356	111.329859198	36.6222222222	2.69511554883	600.425	2.29	0.0	1.27629118725	0	2	70	0	2	0	45	2486	1	0.00561804895107	0.0	626.345	2.74	0.989822037888	6.94818016802	164.269705134	125.718577326	0.0995934668925	0.00282861616809	1.04934175941	98.9131605348	16.1206937716	1.28607984846	82.0077031186	15259	7391.99953102	116.265523042	5009.8436639	1648.0	-1	-1	411271	-1
Event_19	0.00443154370826	0.0	630.23	2.895	0.26489023346	0.00341141687514	6.09592326139	0.0	0.000454855583352	4397	504.244710738	108.0	630.36	2.92	0.02375	4.66893250684	1.39182126323	628.662708333	169.466666667	83.1944540373	2.5909469697	0.00446434218849	1.30776861735	114.078339002	34.75	2.72668316509	625.39	2.305	0.0	1.58328327072	0	2	15	0	2	0	12	529	1	0.00386649807268	0.0	625.39	2.915	1.1999023293	0.981724827907	82.8715586803	80.9294847117	0.115797101516	0.00382873688895	1.12417936751	135.20254007	26.4373186648	0.889905658143	19.4854976852	2542	1164.72235652	17.0009920256	1368.94006802	417.0	-1	-1	559941	-1
Event_2	0.00429264187882	0.0	631.425	2.765	0.587248796146	0.00315384615385	5.71081081081	0.0	0.000153846153846	13000	635.588455248	116.0	636.8	2.825	0.03375	6.26587827281	1.39510861062	631.166373265	154.609756098	190.855858747	2.4950146092	0.00387501028045	1.48928534126	199.152600182	52.8571428571	3.33000610537	627.22	1.98	0.0	1.85073416356	0	2	41	0	2	0	21	1562	1	0.00446785602377	0.0	631.865	2.82	1.05575353615	0.938750810133	89.8234039794	188.421353196	0.118898298314	0.00365275041454	0.946137166183	175.199296214	30.0287957039	1.16063177198	55.8043444246	6339	7634.2343499	58.082128309	4182.20460383	1110.0	-1	-1	270770	-1
Event_3	0.0047803236307	0.0	632.845	2.87	0.507084277629	0.00397482610136	6.4265625	0.0	0.000331235508447	6038	600.829508961	100.0	634.62	2.88	0.02125	6.00829508961	1.25493887314	631.787887812	171.375	133.120646449	2.63670360111	0.00347280092593	1.89859524986	196.375439604	49.2307692308	3.60430709315	629.23	2.375	0.0	1.70145091706	0	2	24	0	2	0	13	726	1	0.00691770379213	0.0	629.645	2.785	1.01352345624	1.19566052748	138.583144875	120.483599459	0.0929065610465	0.00311153168992	1.17560281733	153.216436979	19.3569705195	1.48860918385	28.8635940822	4113	3061.77486832	41.7690954969	2552.88071485	640.0	-1	-1	569968	-1
Event_7	0.00466118820796	0.0	630.25	2.74	0.498710583215	0.00339558573854	7.22326674501	0.0	0.000188643652141	10602	466.643653815	92.0	633.96	2.88	0.023125	6.96444762746	1.41194049659	629.666323529	170.75	151.066560093	2.57720985692	0.00367243144587	1.63961729701	205.731662091	53.1875	3.58884986702	625.55	2.3	0.0	1.42839681057	0	2	36	0	2	0	16	1274	1	0.00525815771538	0.0	630.62	2.805	1.2008580403	0.831006890063	126.868520243	160.14141772	0.0955535170485	0.0032778582665	1.0477657451	150.259029931	25.9415207727	1.72365519505	49.4179173807	6147	5287.32960324	55.7469880985	3291.70659346	851.0	-1	-1	368474	-1
Event_9	0.00515060022634	0.0	623.96	2.8	0.518297479686	0.00335224342445	8.98079385403	0.0	0.000171909919202	11634	733.696958745	83.0	628.86	2.9	0.035	8.83972239452	1.57689692193	623.901682586	179.846153846	158.680865228	2.61481631154	0.00345373109796	1.67846711826	187.327318176	41.1052631579	3.76292559051	619.7	2.28	0.0	1.0894427191	0	2	39	0	2	0	19	1398	1	0.00533808521365	0.0	624.1	2.71	1.01425700284	0.782078018561	84.5544167546	174.846848382	0.0825160593901	0.00336088466913	0.885881324203	187.19282961	20.2673649464	2.15416608439	59.9220830332	7014	6029.87287867	62.1032833756	3559.21904535	781.0	-1	-1	483224	-1
Event_80	0.00432584139948	0.0	625.235	2.635	0.428685053447	0.00343300110742	9.26847826087	0.0	7.38279808047e-05	27090	851.710905817	108.0	633.92	2.99	0.0644444444444	8.42181158753	1.27377221209	624.213837209	183.376344086	126.22910976	2.50046345515	0.0033110235487	1.61430382738	128.121548841	36.0784313725	2.82903400225	614.15	2.085	0.0	1.39303186425	0	2	93	0	2	0	51	3254	1	0.00542272603511	0.0	623.6	2.605	1.07907493706	2.17064425244	110.682754045	172.685972061	0.100349552707	0.00361328104202	1.03156618957	169.199637085	18.7721529263	1.67534410024	117.187043512	17054	11613.0780979	146.901648291	6534.1989909	1840.0	-1	-1	132268	-1
Event_29	0.00410985338189	0.0	625.58	2.775	0.399794232699	0.00342739632126	7.30537974684	0.0	0.000228493088084	8753	594.582553699	66.0	635.19	2.84	0.03125	9.00882657119	1.24046712592	624.351764142	153.9	120.668928235	2.63758868648	0.00405304245535	1.72686055318	150.925936725	42.1333333333	3.17992489011	620.785	2.38	0.0	1.62209405945	0	2	30	0	2	0	15	1052	1	0.00552405980681	0.0	624.8	2.75	1.1433925076	1.04686654468	96.0827050353	134.250735965	0.0744461994257	0.00379034334091	1.06820990422	141.19680675	17.7436776131	1.86109033409	35.9735466516	4617	3499.39891882	48.352095489	2263.88905087	632.0	-1	-1	508808	-1
Event_28	0.00443578732874	0.0	636.95	2.75	0.558459603524	0.00285714285714	6.39509536785	0.0	0.000163265306122	12250	855.499150546	208.0	638.49	2.91	0.02875	7.92128843098	1.59818808168	634.857799556	201.171428571	201.209710093	2.6150591716	0.0035537057705	1.60833234167	285.145489009	73.4	3.33671298696	629.145	2.315	0.0	1.47645684302	0	2	35	0	2	0	15	1472	1	0.00433265038981	0.0	630.585	2.845	1.11601259825	1.65151567303	156.156498747	187.715144219	0.100383960379	0.00354503909114	1.03034755397	260.892298476	49.6700542149	1.58949201772	54.338394777	7041	6841.13014317	53.0749672752	4277.18233513	1101.0	-1	-1	604405	-1
Event_25	0.00380496540693	0.0	627.455	2.685	0.422697408153	0.00334855403349	11.1612903226	0.0	0.000304414003044	6570	365.99751821	75.0	632.195	2.76	0.021875	5.9965385024	1.19041060588	628.930123859	173.0	132.243903408	2.5432398957	0.00396089518372	1.86563933128	186.070357616	48.7142857143	3.37322734723	625.88	2.18	0.0	1.93763090148	0	2	22	0	2	0	7	790	1	0.00567926737072	0.0	629.335	2.705	0.941705277925	0.897718142419	104.711849514	139.403290894	0.101793793119	0.00376694868605	0.951596023646	142.746383364	20.6939144494	1.58556204494	24.9986227235	3806	2777.12197157	37.3127866256	1302.49250331	341.0	-1	-1	320862	-1
Event_27	0.00276668118797	0.0	627.505	2.555	0.487880998419	0.00277248310518	8.73101265823	0.0	0.000346560388148	5771	703.042180771	117.0	633.25	2.83	0.025	7.80983994618	1.06443447572	626.780788321	172.4375	187.704082792	2.5718540146	0.00397452346041	1.86922383266	306.461522584	63.2	4.27347428136	617.2	2.29	0.0	1.65991007343	0	2	16	0	2	0	5	694	1	0.00453459255888	0.0	626.61	2.695	0.971600922156	0.906423168014	103.719473421	210.620454092	0.098329953863	0.0036607973806	0.999404813546	269.534318744	35.4005649672	2.54755892176	15.9665171358	2759	2815.56124188	26.1691336573	1532.30761292	316.0	-1	-1	157361	-1
Event_21	0.00466929624892	0.0	629.66	2.765	0.392481583349	0.00346620450607	6.51465798046	0.0	0.000495172072295	4039	300.13399906	66.0	631.35	2.92	0.0225	4.54748483424	1.45071442687	629.7831893	142.857142857	121.941008857	2.55558641975	0.0048649691358	1.81274369463	141.310796364	43.8571428571	2.98580479522	628.52	2.25	0.0	2.06556032227	0	2	14	0	2	0	7	486	1	0.00538572031087	0.0	630.315	2.86	1.02929114056	0.373791817533	61.7711124205	136.736082371	0.134061517425	0.00448802008916	1.0285862488	91.8105876057	20.6432278761	0.823049854396	18.8592875494	2000	1585.23311515	21.7529243356	989.175574548	307.0	-1	-1	563922	-1
Event_20	0.00259220254798	0.0	637.81	2.41	0.453820155391	0.00221049629207	5.97191011236	0.0	0.000142612664005	14024	827.889304466	142.0	637.81	2.715	0.0255555555556	6.83814575238	1.21176828443	630.866804678	171.451612903	212.145795307	2.46761061947	0.00435186662412	1.64588819913	270.15899944	59.3333333333	4.27797481968	623.09	2.09	0.0	2.73732604022	0	2	31	0	2	0	15	1685	1	0.00340350526061	0.0	633.285	2.455	1.19199098764	1.93032280316	87.8896424348	188.150512568	0.0938028135585	0.00439019879361	1.15616227092	190.260071389	27.8507929271	1.21199650679	36.3530485329	5315	6364.37385921	47.7307577748	4052.3849916	890.0	-1	-1	348228	-1
Event_22	0.00402488736942	8.21287779238e-05	632.34	2.91	0.422436599451	0.00246386333771	8.0	0.0	0.000164257555848	12176	728.296473799	158.0	670.66	3.2	0.0375	7.13187465215	1.68989753828	631.881900212	208.533333333	177.365104652	2.7146532201	0.00495275786539	1.37787813115	210.287202842	52.1333333333	3.41314595302	549.62	2.17	0.0	1.72211859753	1	3	30	0	2	0	15	1463	1	0.0031685765171	0.0	625.27	2.755	1.11877327124	11.0985674631	202.778583738	172.137815417	0.169396278605	0.00532951231251	0.870938616104	214.220178548	37.2632846238	1.78484537166	49.0070286101	6256	5143.58803492	38.5805876722	3154.30804264	782.0	520366	-1	521175	-1
