System Properties:
Operating System:	 Microsoft Windows NT 5.1.2600 Service Pack 2
System User Name:	 skardan
Machine Name:	 PISA

Data properties:

Recording name:	 Rec 61
Recording date:	 27/09/2011
Recording time:	 1:13:39 PM
Recording resolution:	 1280 x 1024

Export date:	 18/10/2011
Export time:	 5:06:20 PM

Participant:	 P105
Participant properties:

Glasses:	 glasses
Previous Experience with the CSP Applet:	 None
Hand:	 right
221:	 Complete
Previous Experience with AISpace:	 None
Sex:	 m
322:	 Current

Timestamp	Event	EventKey	Data1	Data2	Descriptor	
0	ScreenRecStarted	8192	0	0		
8091	LeftMouseClick	1	666	443		
8985	LeftMouseClick	1	593	638		
9447	LogData	0	Load 1st Problem			
13461	LeftMouseClick	1	347	483		
15027	LeftMouseClick	1	756	442		
15337	LeftMouseClick	1	754	443		
27164	LeftMouseClick	1	340	493		
30154	LeftMouseClick	1	656	442		
31202	LeftMouseClick	1	817	436		
32495	LeftMouseClick	1	146	80		
35673	LeftMouseClick	1	178	76		
35956	LeftMouseClick	1	212	73		
38731	LeftMouseClick	1	149	30		
41584	LeftMouseClick	1	315	91		
41946	LeftMouseClick	1	296	214		
42634	LeftMouseClick	1	128	68		
43208	LeftMouseClick	1	60	67		
44153	LeftMouseClick	1	219	69		
45264	LeftMouseClick	1	55	76		
46735	LeftMouseClick	1	55	76		
47295	LeftMouseClick	1	55	76		
47933	LeftMouseClick	1	55	76		
48363	LeftMouseClick	1	55	76		
49477	LeftMouseClick	1	349	75		
50575	LeftMouseClick	1	45	104		
51379	LeftMouseClick	1	74	108		
51815	LeftMouseClick	1	127	80		
53179	LeftMouseClick	1	44	65		
58692	LogData	0	Distracted Start	 		
59697	LogData	0	Distracted End	 		
61454	LeftMouseClick	1	44	65		
62886	LeftMouseClick	1	37	68		
64251	LeftMouseClick	1	37	68		
74720	LeftMouseClick	1	37	68		
75474	LeftMouseClick	1	37	68		
76052	LeftMouseClick	1	37	68		
76570	LeftMouseClick	1	37	68		
77308	LeftMouseClick	1	37	68		
77802	LeftMouseClick	1	37	68		
78404	LeftMouseClick	1	37	68		
78882	LeftMouseClick	1	37	68		
79624	LeftMouseClick	1	37	68		
80258	LeftMouseClick	1	37	68		
83468	LeftMouseClick	1	323	446		
84886	LeftMouseClick	1	656	535		
85388	LeftMouseClick	1	615	568		
88766	LeftMouseClick	1	54	81		
90383	LeftMouseClick	1	53	81		
91376	LeftMouseClick	1	53	81		
91846	LeftMouseClick	1	53	81		
93551	LeftMouseClick	1	53	81		
94685	LeftMouseClick	1	53	81		
95272	LeftMouseClick	1	53	81		
97332	LeftMouseClick	1	53	81		
98402	LeftMouseClick	1	53	81		
98940	LeftMouseClick	1	53	81		
99617	LeftMouseClick	1	53	81		
104119	LeftMouseClick	1	276	73		
106094	LeftMouseClick	1	55	77		
107367	LeftMouseClick	1	55	77		
107953	LeftMouseClick	1	55	77		
108539	LeftMouseClick	1	55	77		
109025	LeftMouseClick	1	55	77		
109503	LeftMouseClick	1	55	77		
109945	LeftMouseClick	1	55	77		
110527	LeftMouseClick	1	55	77		
111181	LeftMouseClick	1	55	77		
111591	LeftMouseClick	1	55	77		
116451	LeftMouseClick	1	55	77		
118853	LeftMouseClick	1	337	73		
120273	LeftMouseClick	1	64	69		
120786	LeftMouseClick	1	64	69		
121364	LeftMouseClick	1	64	69		
121590	LeftMouseClick	1	64	69		
122605	LeftMouseClick	1	329	464		
123593	LeftMouseClick	1	577	498		
124188	LeftMouseClick	1	598	563		
125540	LeftMouseClick	1	48	80		
125961	LeftMouseClick	1	48	80		
126371	LeftMouseClick	1	48	80		
126881	LeftMouseClick	1	48	80		
127539	LeftMouseClick	1	48	80		
129520	LeftMouseClick	1	48	80		
130358	LeftMouseClick	1	48	80		
131085	LeftMouseClick	1	48	80		
132338	LeftMouseClick	1	48	80		
132671	LeftMouseClick	1	48	80		
133310	LeftMouseClick	1	48	80		
134776	LeftMouseClick	1	48	80		
135190	LeftMouseClick	1	48	80		
135729	LeftMouseClick	1	48	80		
136186	LeftMouseClick	1	48	80		
136616	LeftMouseClick	1	48	80		
137158	LeftMouseClick	1	48	80		
138251	LeftMouseClick	1	48	80		
140644	LeftMouseClick	1	48	80		
140834	LeftMouseClick	1	48	80		
141248	LeftMouseClick	1	48	80		
143002	LeftMouseClick	1	334	474		
144214	LeftMouseClick	1	653	544		
144600	LeftMouseClick	1	610	536		
145541	LeftMouseClick	1	350	78		
146226	LeftMouseClick	1	318	468		
147397	LeftMouseClick	1	685	500		
148268	LeftMouseClick	1	599	566		
149478	LeftMouseClick	1	37	82		
150092	LeftMouseClick	1	37	82		
150646	LeftMouseClick	1	37	82		
151987	LeftMouseClick	1	37	82		
153328	LeftMouseClick	1	37	82		
157212	LeftMouseClick	1	37	82		
157946	LeftMouseClick	1	37	82		
161334	LeftMouseClick	1	37	82		
161792	LeftMouseClick	1	37	82		
162406	LeftMouseClick	1	37	82		
167549	LeftMouseClick	1	37	82		
167847	LeftMouseClick	1	37	82		
168229	LeftMouseClick	1	37	82		
168383	LeftMouseClick	1	37	82		
168761	LeftMouseClick	1	37	82		
168923	LeftMouseClick	1	37	82		
169277	LeftMouseClick	1	37	82		
169468	LeftMouseClick	1	37	82		
169874	LeftMouseClick	1	37	82		
170076	LeftMouseClick	1	37	82		
170554	LeftMouseClick	1	37	82		
170752	LeftMouseClick	1	37	82		
171202	LeftMouseClick	1	37	82		
171524	LeftMouseClick	1	37	82		
171855	LogData	0	Distracted Start	 		
174066	LogData	0	Distracted End	 		
174544	LeftMouseClick	1	335	447		
175480	LeftMouseClick	1	623	529		
175825	LeftMouseClick	1	337	371		
176563	LeftMouseClick	1	279	98		
176829	LeftMouseClick	1	279	80		
177320	LeftMouseClick	1	337	288		
178253	LeftMouseClick	1	354	78		
178957	LeftMouseClick	1	432	347		
183791	LeftMouseClick	1	340	489		
189551	LeftMouseClick	1	607	493		
190316	LeftMouseClick	1	645	494		
190934	LeftMouseClick	1	602	565		
192193	LeftMouseClick	1	56	84		
192707	LeftMouseClick	1	56	84		
193117	LeftMouseClick	1	56	84		
193507	LeftMouseClick	1	56	84		
193857	LeftMouseClick	1	56	84		
194278	LeftMouseClick	1	56	84		
194676	LeftMouseClick	1	56	84		
195023	LeftMouseClick	1	56	84		
195345	LeftMouseClick	1	56	84		
196055	LeftMouseClick	1	56	84		
196800	LeftMouseClick	1	56	84		
197290	LeftMouseClick	1	56	84		
197724	LeftMouseClick	1	56	84		
198466	LeftMouseClick	1	56	84		
201167	LeftMouseClick	1	56	84		
201692	LeftMouseClick	1	56	84		
202786	LeftMouseClick	1	56	84		
205143	LeftMouseClick	1	56	84		
206172	LeftMouseClick	1	56	84		
210635	LeftMouseClick	1	326	471		
212256	LeftMouseClick	1	612	498		
212774	LeftMouseClick	1	600	561		
214217	LeftMouseClick	1	52	79		
215187	LeftMouseClick	1	52	79		
215721	LeftMouseClick	1	52	79		
217654	LeftMouseClick	1	52	79		
218216	LeftMouseClick	1	52	79		
218897	LeftMouseClick	1	52	79		
219639	LeftMouseClick	1	52	79		
220441	LeftMouseClick	1	52	79		
220911	LeftMouseClick	1	52	79		
221413	LeftMouseClick	1	52	79		
221704	LeftMouseClick	1	52	79		
222029	LeftMouseClick	1	52	79		
222339	LeftMouseClick	1	52	79		
222698	LeftMouseClick	1	52	79		
223109	LeftMouseClick	1	52	79		
223490	LeftMouseClick	1	52	79		
223700	LeftMouseClick	1	52	79		
223934	LeftMouseClick	1	52	79		
224156	LeftMouseClick	1	52	79		
224654	LeftMouseClick	1	52	79		
224868	LeftMouseClick	1	52	79		
225735	LeftMouseClick	1	401	300		
226909	LeftMouseClick	1	359	72		
239783	LeftMouseClick	1	701	757		
241132	LeftMouseClick	1	665	532		
241496	LeftMouseClick	1	617	564		
242930	LeftMouseClick	1	61	67		
244653	LeftMouseClick	1	47	71		
246857	LeftMouseClick	1	47	71		
247279	LeftMouseClick	1	47	71		
248869	LeftMouseClick	1	47	71		
249203	LeftMouseClick	1	47	71		
250112	LeftMouseClick	1	47	71		
251797	LeftMouseClick	1	47	71		
252175	LeftMouseClick	1	47	71		
252701	LeftMouseClick	1	47	71		
254023	LeftMouseClick	1	47	71		
255372	LeftMouseClick	1	47	71		
256310	LeftMouseClick	1	47	71		
257203	LeftMouseClick	1	47	71		
257661	LeftMouseClick	1	47	71		
258239	LeftMouseClick	1	47	71		
260520	LeftMouseClick	1	710	794		
260693	LeftMouseClick	1	710	795		
262192	LeftMouseClick	1	608	495		
262643	LeftMouseClick	1	609	566		
262942	LeftMouseClick	1	173	441		
263852	LeftMouseClick	1	42	77		
264573	LeftMouseClick	1	42	77		
265151	LeftMouseClick	1	42	77		
265605	LeftMouseClick	1	42	77		
266458	LeftMouseClick	1	42	77		
268131	LeftMouseClick	1	42	77		
268369	LeftMouseClick	1	42	77		
268783	LeftMouseClick	1	42	77		
269061	LeftMouseClick	1	42	77		
269479	LeftMouseClick	1	42	77		
269933	LeftMouseClick	1	42	77		
270372	LeftMouseClick	1	42	77		
270569	LeftMouseClick	1	42	77		
270959	LeftMouseClick	1	42	77		
271170	LeftMouseClick	1	42	77		
271551	LeftMouseClick	1	42	77		
271813	LeftMouseClick	1	42	77		
272031	LeftMouseClick	1	42	77		
272653	LeftMouseClick	1	42	77		
273227	LeftMouseClick	1	42	77		
273725	LeftMouseClick	1	42	77		
274379	LeftMouseClick	1	294	456		
275923	LeftMouseClick	1	351	101		
276144	LeftMouseClick	1	344	88		
276597	LeftMouseClick	1	302	312		
285874	LeftMouseClick	1	368	88		
287359	LeftMouseClick	1	397	291		
292587	LeftMouseClick	1	315	469		
293640	LeftMouseClick	1	648	576		
302939	LeftMouseClick	1	347	454		
303974	LeftMouseClick	1	674	577		
304440	LeftMouseClick	1	518	508		
314959	LeftMouseClick	1	318	446		
316109	LeftMouseClick	1	573	499		
316587	LeftMouseClick	1	607	574		
316847	LeftMouseClick	1	641	499		
320420	LeftMouseClick	1	366	80		
320976	LeftMouseClick	1	136	65		
328897	LeftMouseClick	1	339	453		
329965	LeftMouseClick	1	586	497		
330513	LeftMouseClick	1	609	562		
333861	LogData	0	Distracted Start	 		
335067	LogData	0	Distracted End	 		
338388	LeftMouseClick	1	44	71		
339414	LeftMouseClick	1	43	71		
340500	LeftMouseClick	1	43	71		
341370	LeftMouseClick	1	43	71		
342315	LeftMouseClick	1	43	71		
343001	LeftMouseClick	1	43	71		
344147	LeftMouseClick	1	43	71		
344721	LeftMouseClick	1	43	71		
345246	LeftMouseClick	1	43	71		
346408	LeftMouseClick	1	43	71		
346626	LeftMouseClick	1	43	71		
347064	LeftMouseClick	1	43	71		
347362	LeftMouseClick	1	43	71		
347796	LeftMouseClick	1	43	71		
348194	LeftMouseClick	1	43	71		
348984	LeftMouseClick	1	43	71		
349274	LeftMouseClick	1	43	71		
349836	LeftMouseClick	1	43	71		
350189	LeftMouseClick	1	43	71		
358747	LeftMouseClick	1	47	86		
359741	LeftMouseClick	1	321	446		
360484	LeftMouseClick	1	637	547		
360852	LeftMouseClick	1	306	393		
363506	LeftMouseClick	1	340	85		
364089	LeftMouseClick	1	381	287		
376316	LeftMouseClick	1	144	78		
420392	LeftMouseClick	1	720	756		
423300	LeftMouseClick	1	658	570		
423627	LeftMouseClick	1	659	600		
424069	LeftMouseClick	1	338	456		
427269	LeftMouseClick	1	656	574		
430167	LeftMouseClick	1	369	62		
430454	LeftMouseClick	1	353	257		
433997	LeftMouseClick	1	135	84		
438045	LeftMouseClick	1	139	25		
438605	LeftMouseClick	1	184	56		
439244	LeftMouseClick	1	324	48		
445835	LeftMouseClick	1	710	737		
447022	LeftMouseClick	1	575	502		
448507	LeftMouseClick	1	594	573		
454903	LeftMouseClick	1	64	81		
455385	LeftMouseClick	1	64	81		
455851	LeftMouseClick	1	64	81		
456274	LeftMouseClick	1	64	81		
456711	LeftMouseClick	1	64	81		
457185	LeftMouseClick	1	64	81		
457599	LeftMouseClick	1	64	81		
458156	LeftMouseClick	1	64	81		
458489	LeftMouseClick	1	64	81		
458855	LeftMouseClick	1	64	81		
459049	LeftMouseClick	1	64	81		
459215	LeftMouseClick	1	64	81		
459369	LeftMouseClick	1	64	81		
459535	LeftMouseClick	1	64	81		
459701	LeftMouseClick	1	64	81		
459876	LeftMouseClick	1	64	81		
460046	LeftMouseClick	1	64	81		
460212	LeftMouseClick	1	64	81		
460406	LeftMouseClick	1	64	81		
460678	LeftMouseClick	1	64	81		
461086	LeftMouseClick	1	64	81		
461296	LeftMouseClick	1	64	81		
465622	LeftMouseClick	1	329	443		
466270	LeftMouseClick	1	643	544		
468273	LeftMouseClick	1	346	77		
468916	LeftMouseClick	1	314	437		
469798	LeftMouseClick	1	625	501		
470390	LeftMouseClick	1	605	561		
470724	LeftMouseClick	1	362	435		
471181	LeftMouseClick	1	185	249		
471974	LeftMouseClick	1	131	68		
473358	LeftMouseClick	1	334	462		
473959	LeftMouseClick	1	629	539		
474496	LeftMouseClick	1	352	85		
474975	LeftMouseClick	1	324	432		
475740	LeftMouseClick	1	652	493		
476083	LeftMouseClick	1	593	569		
476370	LeftMouseClick	1	452	324		
477653	LeftMouseClick	1	100	62		
477965	LeftMouseClick	1	235	357		
478722	LeftMouseClick	1	336	455		
479210	LeftMouseClick	1	590	517		
479446	LeftMouseClick	1	629	539		
479723	LeftMouseClick	1	378	248		
479976	LeftMouseClick	1	368	80		
480451	LeftMouseClick	1	339	428		
481193	LeftMouseClick	1	348	457		
482061	LeftMouseClick	1	683	502		
482452	LeftMouseClick	1	603	565		
482757	LeftMouseClick	1	350	253		
483862	LeftMouseClick	1	128	66		
487294	LogData	0	Distracted Start	 		
488566	LeftMouseClick	1	27	42		
488802	LeftMouseClick	1	14	33		
493301	LeftMouseClick	1	59	71		
494422	LeftMouseClick	1	632	477		
496409	LeftMouseClick	1	608	641		
496741	LogData	0	Distracted End	 		
497143	LogData	0	Load 2nd Problem			
497421	LeftMouseClick	1	247	473		
512718	LeftMouseClick	1	425	762		
514471	LeftMouseClick	1	614	495		
514842	LeftMouseClick	1	640	497		
515301	LeftMouseClick	1	655	495		
515630	LeftMouseClick	1	705	496		
516271	LeftMouseClick	1	602	568		
516760	LeftMouseClick	1	278	742		
526025	LeftMouseClick	1	801	791		
527291	LeftMouseClick	1	672	578		
528170	LeftMouseClick	1	927	478		
530605	LeftMouseClick	1	658	566		
533986	LeftMouseClick	1	830	769		
534929	LeftMouseClick	1	577	490		
536554	LeftMouseClick	1	604	499		
536871	LeftMouseClick	1	562	498		
537193	LeftMouseClick	1	575	498		
537766	LeftMouseClick	1	611	495		
538337	LeftMouseClick	1	650	495		
538848	LeftMouseClick	1	683	499		
539328	LeftMouseClick	1	617	572		
539874	LeftMouseClick	1	755	666		
550239	LeftMouseClick	1	531	530		
555327	LeftMouseClick	1	696	775		
556217	LeftMouseClick	1	590	633		
559216	LeftMouseClick	1	521	528		
565629	LeftMouseClick	1	733	525		
570375	LeftMouseClick	1	668	366		
602087	LeftMouseClick	1	923	418		
605039	LeftMouseClick	1	982	418		
607773	LeftMouseClick	1	1011	372		
608365	LeftMouseClick	1	684	497		
617396	LeftMouseClick	1	946	461		
619282	LeftMouseClick	1	611	495		
619983	LeftMouseClick	1	647	495		
621317	LeftMouseClick	1	687	497		
648712	LeftMouseClick	1	606	573		
660442	LeftMouseClick	1	816	750		
661401	LeftMouseClick	1	639	490		
661983	LeftMouseClick	1	679	493		
662528	LeftMouseClick	1	610	559		
663194	LeftMouseClick	1	924	680		
691299	LeftMouseClick	1	410	778		
693271	LeftMouseClick	1	650	568		
694041	LeftMouseClick	1	601	546		
705903	LeftMouseClick	1	51	63		
711647	LeftMouseClick	1	51	63		
717850	LeftMouseClick	1	51	63		
718827	LeftMouseClick	1	51	63		
723137	LeftMouseClick	1	51	63		
738178	LeftMouseClick	1	604	279		
742231	LeftMouseClick	1	590	496		
747391	LeftMouseClick	1	599	564		
748656	LeftMouseClick	1	599	564		
754625	LeftMouseClick	1	430	764		
755963	LeftMouseClick	1	602	502		
756392	LeftMouseClick	1	676	495		
756919	LeftMouseClick	1	599	567		
757267	LeftMouseClick	1	617	493		
765703	LeftMouseClick	1	353	436		
768513	LeftMouseClick	1	581	498		
771586	LeftMouseClick	1	610	568		
772623	LeftMouseClick	1	622	493		
776565	LeftMouseClick	1	308	84		
784207	LeftMouseClick	1	523	505		
790182	LeftMouseClick	1	670	757		
790689	LeftMouseClick	1	615	565		
794221	LogData	0	Tracking Error Start			
797035	LogData	0	Tracking Errpr End			
800683	LeftMouseClick	1	304	73		
801964	LeftMouseClick	1	344	442		
804608	LeftMouseClick	1	576	501		
806265	LeftMouseClick	1	606	571		
808543	LeftMouseClick	1	356	444		
809413	LeftMouseClick	1	676	561		
810363	LeftMouseClick	1	297	79		
810710	LeftMouseClick	1	297	79		
814607	LeftMouseClick	1	604	274		
816220	LeftMouseClick	1	647	568		
817479	LeftMouseClick	1	297	71		
818047	LeftMouseClick	1	608	272		
819173	LeftMouseClick	1	578	497		
819582	LeftMouseClick	1	595	571		
819877	LeftMouseClick	1	633	453		
824424	LeftMouseClick	1	39	75		
824898	LeftMouseClick	1	39	75		
825355	LeftMouseClick	1	39	75		
825749	LeftMouseClick	1	39	75		
826163	LeftMouseClick	1	39	75		
826604	LeftMouseClick	1	39	75		
827861	LeftMouseClick	1	376	73		
828200	LeftMouseClick	1	91	413		
829297	LeftMouseClick	1	815	756		
831122	LeftMouseClick	1	604	499		
831642	LeftMouseClick	1	621	497		
831959	LeftMouseClick	1	638	497		
832295	LeftMouseClick	1	649	498		
832616	LeftMouseClick	1	674	501		
833067	LeftMouseClick	1	690	497		
838110	LeftMouseClick	1	598	578		
838976	LeftMouseClick	1	918	457		
840016	LeftMouseClick	1	623	493		
840689	LeftMouseClick	1	655	496		
841873	LeftMouseClick	1	579	494		
844774	LeftMouseClick	1	578	494		
845762	LeftMouseClick	1	585	568		
846111	LeftMouseClick	1	628	402		
846364	LeftMouseClick	1	590	293		
847085	LeftMouseClick	1	569	507		
847292	LeftMouseClick	1	575	500		
847936	LeftMouseClick	1	571	503		
848314	LeftMouseClick	1	600	568		
848615	LeftMouseClick	1	584	505		
850184	LeftMouseClick	1	423	752		
851106	LeftMouseClick	1	613	496		
851451	LeftMouseClick	1	650	501		
851936	LeftMouseClick	1	614	500		
852207	LeftMouseClick	1	575	497		
852890	LeftMouseClick	1	613	497		
853201	LeftMouseClick	1	581	497		
853737	LeftMouseClick	1	702	497		
854182	LeftMouseClick	1	647	494		
854754	LeftMouseClick	1	603	578		
855015	LeftMouseClick	1	560	604		
859546	LogData	0	Tracking Error Start			
860350	LogData	0	Tracking Errpr End			
863761	LeftMouseClick	1	59	68		
864283	LeftMouseClick	1	59	68		
864688	LeftMouseClick	1	59	68		
865082	LeftMouseClick	1	59	68		
865292	LeftMouseClick	1	59	68		
866321	LeftMouseClick	1	59	68		
866795	LeftMouseClick	1	59	68		
867305	LeftMouseClick	1	59	68		
867491	LeftMouseClick	1	59	68		
868072	LeftMouseClick	1	59	68		
869385	LeftMouseClick	1	59	68		
870082	LeftMouseClick	1	59	68		
871551	LeftMouseClick	1	59	68		
872036	LeftMouseClick	1	59	68		
872545	LeftMouseClick	1	59	68		
873187	LeftMouseClick	1	59	68		
874223	LeftMouseClick	1	59	68		
874725	LeftMouseClick	1	59	68		
875486	LeftMouseClick	1	59	68		
876099	LeftMouseClick	1	59	68		
876661	LeftMouseClick	1	59	68		
877079	LeftMouseClick	1	59	68		
877692	LeftMouseClick	1	59	68		
878505	LeftMouseClick	1	59	68		
879210	LeftMouseClick	1	59	68		
880087	LeftMouseClick	1	59	68		
880607	LeftMouseClick	1	59	68		
881135	LeftMouseClick	1	59	68		
881628	LeftMouseClick	1	59	68		
882209	LeftMouseClick	1	59	68		
882661	LogData	0	Tracking Error Start			
883264	LogData	0	Tracking Errpr End			
883294	LeftMouseClick	1	59	68		
883652	LeftMouseClick	1	59	68		
884169	LeftMouseClick	1	59	68		
884667	LeftMouseClick	1	59	68		
886295	LeftMouseClick	1	59	68		
887515	LeftMouseClick	1	59	68		
888025	LeftMouseClick	1	59	68		
888470	LeftMouseClick	1	59	68		
889839	LeftMouseClick	1	59	68		
890393	LeftMouseClick	1	59	68		
891106	LeftMouseClick	1	59	68		
891704	LeftMouseClick	1	59	68		
892620	LeftMouseClick	1	59	68		
892970	LeftMouseClick	1	59	68		
893384	LeftMouseClick	1	59	68		
893745	LeftMouseClick	1	59	68		
912702	LeftMouseClick	1	362	67		
913314	LeftMouseClick	1	982	516		
913846	LeftMouseClick	1	818	733		
914707	LeftMouseClick	1	805	774		
915757	LeftMouseClick	1	618	506		
916114	LeftMouseClick	1	667	503		
916459	LeftMouseClick	1	688	499		
919385	LeftMouseClick	1	685	499		
921101	LeftMouseClick	1	685	499		
923703	LeftMouseClick	1	620	499		
926141	LeftMouseClick	1	605	570		
927084	LeftMouseClick	1	920	470		
928108	LeftMouseClick	1	618	499		
928810	LeftMouseClick	1	668	495		
929358	LeftMouseClick	1	658	495		
930038	LeftMouseClick	1	652	496		
930671	LeftMouseClick	1	602	568		
932379	LeftMouseClick	1	968	578		
938327	LeftMouseClick	1	617	283		
939205	LeftMouseClick	1	655	501		
939556	LeftMouseClick	1	688	499		
940607	LeftMouseClick	1	619	495		
940885	LeftMouseClick	1	586	496		
941290	LeftMouseClick	1	657	497		
941618	LeftMouseClick	1	683	497		
942202	LeftMouseClick	1	612	566		
942561	LeftMouseClick	1	660	435		
950087	LeftMouseClick	1	429	751		
951331	LeftMouseClick	1	620	495		
951650	LeftMouseClick	1	654	495		
952000	LeftMouseClick	1	684	496		
954019	LeftMouseClick	1	606	569		
954767	LeftMouseClick	1	361	424		
955889	LeftMouseClick	1	682	496		
956645	LeftMouseClick	1	643	495		
956932	LeftMouseClick	1	616	499		
957224	LeftMouseClick	1	577	494		
957641	LeftMouseClick	1	693	503		
958064	LeftMouseClick	1	599	560		
958968	LeftMouseClick	1	719	465		
965163	LeftMouseClick	1	63	80		
966663	LeftMouseClick	1	63	80		
967308	LeftMouseClick	1	63	80		
967706	LeftMouseClick	1	63	80		
968216	LeftMouseClick	1	63	80		
968787	LeftMouseClick	1	63	80		
969356	LeftMouseClick	1	63	80		
970086	LeftMouseClick	1	63	80		
970893	LeftMouseClick	1	63	80		
973432	LeftMouseClick	1	63	80		
973990	LeftMouseClick	1	63	80		
974543	LeftMouseClick	1	63	80		
975133	LeftMouseClick	1	63	80		
978191	LeftMouseClick	1	63	80		
978804	LeftMouseClick	1	63	80		
979589	LeftMouseClick	1	63	80		
980211	LeftMouseClick	1	63	80		
984511	LeftMouseClick	1	63	80		
984953	LeftMouseClick	1	63	80		
985295	LeftMouseClick	1	63	80		
985820	LeftMouseClick	1	63	80		
989365	LeftMouseClick	1	63	80		
990290	LeftMouseClick	1	63	80		
991687	LeftMouseClick	1	63	80		
992296	LeftMouseClick	1	63	80		
993417	LeftMouseClick	1	63	80		
994506	LeftMouseClick	1	63	80		
995930	LeftMouseClick	1	63	80		
997653	LeftMouseClick	1	717	428		
1007246	LeftMouseClick	1	60	72		
1008661	LeftMouseClick	1	60	72		
1009494	LeftMouseClick	1	124	372		
1018630	LeftMouseClick	1	804	735		
1022274	LeftMouseClick	1	623	502		
1026245	LeftMouseClick	1	588	563		
1027373	LeftMouseClick	1	921	482		
1027822	LeftMouseClick	1	927	458		
1028480	LeftMouseClick	1	655	573		
1029023	LeftMouseClick	1	943	455		
1029883	LeftMouseClick	1	601	492		
1030171	LeftMouseClick	1	611	500		
1031419	LeftMouseClick	1	605	576		
1032500	LeftMouseClick	1	585	268		
1034666	LeftMouseClick	1	612	502		
1036306	LeftMouseClick	1	602	573		
1036708	LeftMouseClick	1	650	511		
1037294	LeftMouseClick	1	424	746		
1040015	LeftMouseClick	1	594	499		
1040378	LeftMouseClick	1	664	499		
1040877	LeftMouseClick	1	608	571		
1041283	LeftMouseClick	1	603	531		
1053702	LeftMouseClick	1	337	447		
1054797	LeftMouseClick	1	672	508		
1055388	LeftMouseClick	1	646	498		
1055734	LeftMouseClick	1	610	498		
1056538	LeftMouseClick	1	679	493		
1057389	LeftMouseClick	1	586	572		
1057931	LeftMouseClick	1	586	572		
1065028	LeftMouseClick	1	352	411		
1065950	LeftMouseClick	1	666	495		
1066674	LeftMouseClick	1	609	569		
1067101	LeftMouseClick	1	639	431		
1075980	LeftMouseClick	1	48	84		
1076497	LeftMouseClick	1	48	84		
1076906	LeftMouseClick	1	48	84		
1077188	LeftMouseClick	1	48	84		
1077526	LeftMouseClick	1	48	84		
1077828	LeftMouseClick	1	48	84		
1078133	LeftMouseClick	1	48	84		
1078439	LeftMouseClick	1	48	84		
1078725	LeftMouseClick	1	48	84		
1079171	LeftMouseClick	1	48	84		
1079473	LeftMouseClick	1	48	84		
1079779	LeftMouseClick	1	48	84		
1080113	LeftMouseClick	1	48	84		
1080458	LeftMouseClick	1	48	84		
1081000	LeftMouseClick	1	48	84		
1081305	LeftMouseClick	1	48	84		
1081631	LeftMouseClick	1	48	84		
1084152	LeftMouseClick	1	306	85		
1086201	LeftMouseClick	1	65	67		
1086627	LeftMouseClick	1	65	67		
1087123	LeftMouseClick	1	65	67		
1087530	LeftMouseClick	1	65	67		
1087787	LeftMouseClick	1	65	67		
1088009	LeftMouseClick	1	65	67		
1088327	LeftMouseClick	1	65	67		
1088553	LeftMouseClick	1	65	67		
1088859	LeftMouseClick	1	65	67		
1089177	LeftMouseClick	1	65	67		
1089511	LeftMouseClick	1	65	67		
1091457	LeftMouseClick	1	303	93		
1092613	LeftMouseClick	1	303	93		
1094908	LeftMouseClick	1	303	93		
1095158	LeftMouseClick	1	303	93		
1095316	LeftMouseClick	1	303	93		
1095470	LeftMouseClick	1	303	93		
1095618	LeftMouseClick	1	303	93		
1113667	LeftMouseClick	1	793	770		
1114635	LeftMouseClick	1	621	503		
1115465	LeftMouseClick	1	603	588		
1116484	LeftMouseClick	1	623	562		
1117497	LeftMouseClick	1	916	463		
1118344	LeftMouseClick	1	656	493		
1119222	LeftMouseClick	1	616	493		
1119868	LeftMouseClick	1	649	493		
1120342	LeftMouseClick	1	614	559		
1120838	LeftMouseClick	1	595	299		
1121173	LeftMouseClick	1	589	278		
1122018	LeftMouseClick	1	611	508		
1122667	LeftMouseClick	1	605	577		
1122960	LeftMouseClick	1	553	617		
1125706	LeftMouseClick	1	426	739		
1126927	LeftMouseClick	1	675	573		
1127201	LeftMouseClick	1	583	600		
1128463	LeftMouseClick	1	310	70		
1128725	LeftMouseClick	1	310	70		
1128934	LeftMouseClick	1	310	70		
1129370	LeftMouseClick	1	376	70		
1129835	LeftMouseClick	1	152	459		
1131133	LeftMouseClick	1	813	763		
1131946	LeftMouseClick	1	617	504		
1133476	LeftMouseClick	1	603	571		
1136555	LeftMouseClick	1	344	82		
1137269	LeftMouseClick	1	803	730		
1138243	LeftMouseClick	1	637	489		
1138720	LeftMouseClick	1	646	499		
1139340	LeftMouseClick	1	595	569		
1140047	LeftMouseClick	1	895	458		
1140428	LeftMouseClick	1	910	448		
1141134	LeftMouseClick	1	624	490		
1141769	LeftMouseClick	1	617	574		
1142035	LeftMouseClick	1	702	409		
1142914	LeftMouseClick	1	584	267		
1143945	LeftMouseClick	1	580	498		
1144557	LeftMouseClick	1	627	565		
1144983	LeftMouseClick	1	602	567		
1145282	LeftMouseClick	1	661	435		
1145900	LeftMouseClick	1	404	733		
1147708	LeftMouseClick	1	693	503		
1147989	LeftMouseClick	1	670	502		
1148480	LeftMouseClick	1	637	494		
1148818	LeftMouseClick	1	626	496		
1149413	LeftMouseClick	1	607	569		
1149705	LeftMouseClick	1	262	493		
1149984	LeftMouseClick	1	329	415		
1151305	LeftMouseClick	1	618	498		
1151574	LeftMouseClick	1	647	499		
1151983	LeftMouseClick	1	567	498		
1152362	LeftMouseClick	1	580	499		
1152825	LeftMouseClick	1	592	571		
1153113	LeftMouseClick	1	338	544		
1156077	LeftMouseClick	1	431	768		
1157730	LeftMouseClick	1	596	496		
1158221	LeftMouseClick	1	692	495		
1159052	LeftMouseClick	1	602	571		
1159416	LeftMouseClick	1	603	485		
1168244	LeftMouseClick	1	351	456		
1172456	LeftMouseClick	1	633	502		
1172762	LeftMouseClick	1	587	501		
1173487	LeftMouseClick	1	617	575		
1174073	LeftMouseClick	1	595	507		
1177424	LeftMouseClick	1	22	62		
1177830	LeftMouseClick	1	22	62		
1178159	LeftMouseClick	1	22	62		
1179244	LeftMouseClick	1	22	62		
1179670	LeftMouseClick	1	22	62		
1180127	LeftMouseClick	1	22	62		
1180417	LeftMouseClick	1	22	62		
1180735	LeftMouseClick	1	22	62		
1181104	LeftMouseClick	1	22	62		
1181406	LeftMouseClick	1	22	62		
1183409	LeftMouseClick	1	22	62		
1183971	LeftMouseClick	1	22	62		
1184560	LeftMouseClick	1	22	62		
1184986	LeftMouseClick	1	22	62		
1186650	LeftMouseClick	1	22	62		
1187814	LeftMouseClick	1	421	730		
1189773	LeftMouseClick	1	654	502		
1190550	LeftMouseClick	1	606	570		
1192169	LeftMouseClick	1	61	70		
1192623	LeftMouseClick	1	61	70		
1193100	LeftMouseClick	1	61	70		
1193437	LeftMouseClick	1	61	70		
1194266	LeftMouseClick	1	61	70		
1194760	LeftMouseClick	1	61	70		
1195197	LeftMouseClick	1	61	70		
1195507	LeftMouseClick	1	61	70		
1196508	LeftMouseClick	1	61	70		
1197321	LeftMouseClick	1	61	70		
1197863	LeftMouseClick	1	61	70		
1198184	LeftMouseClick	1	61	70		
1198586	LeftMouseClick	1	61	70		
1198940	LeftMouseClick	1	61	70		
1199314	LeftMouseClick	1	61	70		
1199699	LeftMouseClick	1	61	70		
1206595	LogData	0	Distracted Start	 		
1210816	LogData	0	Distracted End	 		
1228312	LeftMouseClick	1	25	537		
1228834	LeftMouseClick	1	537	904		
1230514	LogData	0	Distracted Start	 		
1231318	LogData	0	Distracted End	 		
1234936	LogData	0	Distracted Start	 		
1242373	LogData	0	Distracted End	 		
1243177	LogData	0	Distracted Start	 		
1255237	LogData	0	Distracted End	 		
1257309	LeftMouseClick	1	349	68		
1257660	LeftMouseClick	1	259	389		
1263084	LeftMouseClick	1	99	63		
1264812	LeftMouseClick	1	101	381		
1269644	LeftMouseClick	1	787	764		
1271418	LeftMouseClick	1	658	502		
1271869	LeftMouseClick	1	612	567		
1272448	LeftMouseClick	1	918	466		
1273736	LeftMouseClick	1	688	562		
1278085	LeftMouseClick	1	51	81		
1278471	LeftMouseClick	1	51	81		
1278908	LeftMouseClick	1	51	81		
1279341	LeftMouseClick	1	51	81		
1282277	LeftMouseClick	1	441	754		
1283370	LeftMouseClick	1	643	490		
1283664	LeftMouseClick	1	593	494		
1284215	LeftMouseClick	1	606	577		
1284576	LeftMouseClick	1	283	649		
1285942	LeftMouseClick	1	43	84		
1286795	LeftMouseClick	1	43	84		
1289395	LeftMouseClick	1	42	65		
1289800	LeftMouseClick	1	43	65		
1290177	LeftMouseClick	1	43	65		
1290955	LeftMouseClick	1	43	65		
1295140	LeftMouseClick	1	357	409		
1296459	LeftMouseClick	1	596	502		
1297474	LeftMouseClick	1	629	484		
1297832	LeftMouseClick	1	629	495		
1298580	LeftMouseClick	1	596	568		
1298899	LeftMouseClick	1	345	540		
1300468	LeftMouseClick	1	32	77		
1301137	LeftMouseClick	1	32	77		
1303125	LeftMouseClick	1	32	77		
1303495	LeftMouseClick	1	32	77		
1303980	LeftMouseClick	1	32	77		
1304362	LeftMouseClick	1	32	77		
1304659	LeftMouseClick	1	32	77		
1305357	LeftMouseClick	1	32	77		
1306038	LeftMouseClick	1	32	77		
1324176	LeftMouseClick	1	591	297		
1325421	LeftMouseClick	1	653	498		
1326016	LeftMouseClick	1	594	565		
1328052	LeftMouseClick	1	122	71		
1329853	LeftMouseClick	1	111	276		
1330907	LeftMouseClick	1	266	61		
1334671	LeftMouseClick	1	116	76		
1336126	LeftMouseClick	1	285	70		
1337177	LeftMouseClick	1	117	411		
1338250	LogData	0	Distracted Start	 		
1339054	LogData	0	Distracted End	 		
1341667	LogData	0	Distracted Start	 		
1343275	LogData	0	Distracted End	 		
1344079	LeftMouseClick	1	360	85		
1344378	LeftMouseClick	1	293	70		
1344984	LeftMouseClick	1	122	74		
1346944	LeftMouseClick	1	791	767		
1347612	LeftMouseClick	1	663	497		
1347992	LeftMouseClick	1	607	572		
1349401	LeftMouseClick	1	148	65		
1351020	LeftMouseClick	1	921	469		
1353266	LeftMouseClick	1	654	499		
1353734	LeftMouseClick	1	603	568		
1354810	LeftMouseClick	1	128	60		
1356628	LeftMouseClick	1	294	81		
1358184	LeftMouseClick	1	125	74		
1359368	LeftMouseClick	1	301	75		
1359717	LeftMouseClick	1	301	75		
1361389	LeftMouseClick	1	341	78		
1361751	LeftMouseClick	1	952	563		
1362133	LeftMouseClick	1	831	739		
1362861	LeftMouseClick	1	137	75		
1364312	LeftMouseClick	1	788	765		
1371121	LeftMouseClick	1	812	777		
1373003	LeftMouseClick	1	614	497		
1373501	LeftMouseClick	1	606	568		
1376598	LeftMouseClick	1	932	464		
1377441	LeftMouseClick	1	610	493		
1377794	LeftMouseClick	1	603	558		
1378173	LeftMouseClick	1	171	378		
1379054	LeftMouseClick	1	37	63		
1379311	LeftMouseClick	1	37	63		
1379489	LeftMouseClick	1	37	63		
1379635	LeftMouseClick	1	37	63		
1379769	LeftMouseClick	1	37	63		
1382940	LeftMouseClick	1	629	274		
1383246	LeftMouseClick	1	613	274		
1383372	LeftMouseClick	1	613	274		
1384014	LeftMouseClick	1	616	497		
1384370	LeftMouseClick	1	597	569		
1384664	LeftMouseClick	1	161	401		
1385255	LeftMouseClick	1	40	50		
1385680	LeftMouseClick	1	40	50		
1385966	LeftMouseClick	1	40	50		
1386196	LeftMouseClick	1	40	50		
1386401	LeftMouseClick	1	40	50		
1387247	LeftMouseClick	1	40	50		
1387940	LeftMouseClick	1	40	50		
1388138	LeftMouseClick	1	40	50		
1388463	LeftMouseClick	1	40	50		
1388661	LeftMouseClick	1	40	50		
1388979	LeftMouseClick	1	40	50		
1389173	LeftMouseClick	1	40	50		
1389367	LeftMouseClick	1	40	50		
1389537	LeftMouseClick	1	40	50		
1390123	LeftMouseClick	1	129	73		
1390993	LeftMouseClick	1	114	475		
1397629	LeftMouseClick	1	334	433		
1399940	LeftMouseClick	1	656	500		
1400557	LeftMouseClick	1	602	574		
1400897	LeftMouseClick	1	170	455		
1402717	LeftMouseClick	1	125	72		
1403977	LogData	0	Distracted Start	 		
1413022	LogData	0	Distracted End	 		
1413511	LeftMouseClick	1	346	46		
1413896	LeftMouseClick	1	183	348		
1415024	LeftMouseClick	1	366	439		
1415849	LeftMouseClick	1	680	566		
1416420	LeftMouseClick	1	154	65		
1416715	LeftMouseClick	1	132	556		
1417696	LeftMouseClick	1	228	551		
1421303	LeftMouseClick	1	420	762		
1422483	LeftMouseClick	1	638	497		
1425821	LeftMouseClick	1	593	500		
1427791	LeftMouseClick	1	593	505		
1428614	LeftMouseClick	1	664	500		
1429339	LeftMouseClick	1	614	562		
1430369	LeftMouseClick	1	360	442		
1431523	LeftMouseClick	1	631	495		
1431798	LeftMouseClick	1	581	498		
1432409	LeftMouseClick	1	602	490		
1432928	LeftMouseClick	1	669	499		
1434410	LeftMouseClick	1	325	489		
1434929	LeftMouseClick	1	679	573		
1435224	LeftMouseClick	1	201	467		
1436988	LeftMouseClick	1	97	73		
1438762	LeftMouseClick	1	335	413		
1439668	LeftMouseClick	1	633	497		
1439942	LeftMouseClick	1	582	499		
1440365	LeftMouseClick	1	591	505		
1441719	LeftMouseClick	1	596	575		
1441983	LeftMouseClick	1	171	495		
1444565	LeftMouseClick	1	37	60		
1445191	LeftMouseClick	1	37	60		
1446138	LeftMouseClick	1	168	67		
1449424	LeftMouseClick	1	615	293		
1450846	LeftMouseClick	1	619	494		
1451229	LeftMouseClick	1	601	573		
1451795	LeftMouseClick	1	342	410		
1452471	LeftMouseClick	1	653	492		
1452794	LeftMouseClick	1	583	578		
1453169	LeftMouseClick	1	239	504		
1453825	LogData	0	Tracking Error Start			
1459596	LeftMouseClick	1	68	63		
1460056	LogData	0	Distracted End	 		
1460094	LeftMouseClick	1	68	63		
1460860	LogData	0	Distracted Start	 		
1461773	LeftMouseClick	1	68	63		
1462127	LeftMouseClick	1	68	63		
1462473	LeftMouseClick	1	68	63		
1462723	LeftMouseClick	1	68	63		
1462929	LeftMouseClick	1	68	63		
1463107	LeftMouseClick	1	68	63		
1463257	LeftMouseClick	1	68	63		
1463694	LeftMouseClick	1	68	63		
1463892	LeftMouseClick	1	68	63		
1464478	LogData	0	Distracted End	 		
1464488	LeftMouseClick	1	68	63		
1464663	LeftMouseClick	1	68	63		
1465093	LeftMouseClick	1	68	63		
1465295	LeftMouseClick	1	68	63		
1465800	LeftMouseClick	1	68	63		
1466086	LogData	0	Distracted Start	 		
1466366	LeftMouseClick	1	68	63		
1466815	LeftMouseClick	1	68	63		
1467481	LeftMouseClick	1	68	63		
1468333	LeftMouseClick	1	68	63		
1468572	LeftMouseClick	1	68	63		
1469129	LeftMouseClick	1	68	63		
1469302	LogData	0	Distracted End	 		
1469347	LeftMouseClick	1	68	63		
1469880	LeftMouseClick	1	68	63		
1470102	LeftMouseClick	1	68	63		
1476136	LogData	0	Distracted Start	 		
1482970	LogData	0	Distracted End	 		
1488799	LogData	0	Distracted Start	 		
1491211	LogData	0	Distracted End	 		
1493824	LogData	0	Distracted Start	 		
1500055	LogData	0	Distracted End	 		
1514195	LeftMouseClick	1	251	59		
1514568	LeftMouseClick	1	279	69		
1515347	LeftMouseClick	1	279	69		
1516044	LeftMouseClick	1	279	69		
1516550	LeftMouseClick	1	279	69		
1521860	LeftMouseClick	1	380	83		
1527947	LeftMouseClick	1	145	86		
1531999	LeftMouseClick	1	617	295		
1532966	LeftMouseClick	1	600	272		
1533742	LeftMouseClick	1	615	505		
1534211	LeftMouseClick	1	608	566		
1536905	LeftMouseClick	1	285	85		
1538616	LeftMouseClick	1	57	60		
1539293	LeftMouseClick	1	57	60		
1541024	LeftMouseClick	1	57	60		
1541478	LeftMouseClick	1	57	60		
1541820	LeftMouseClick	1	57	60		
1542385	LeftMouseClick	1	57	60		
1542958	LeftMouseClick	1	57	60		
1543479	LeftMouseClick	1	57	60		
1543973	LeftMouseClick	1	57	60		
1544590	LeftMouseClick	1	57	60		
1545040	LeftMouseClick	1	57	60		
1545449	LeftMouseClick	1	57	60		
1545615	LeftMouseClick	1	57	60		
1545805	LeftMouseClick	1	57	60		
1545987	LeftMouseClick	1	57	60		
1546177	LeftMouseClick	1	57	60		
1546355	LeftMouseClick	1	57	60		
1546533	LeftMouseClick	1	57	60		
1546684	LeftMouseClick	1	57	60		
1546857	LeftMouseClick	1	57	60		
1547039	LeftMouseClick	1	57	60		
1547225	LeftMouseClick	1	57	60		
1548289	LeftMouseClick	1	57	60		
1548479	LeftMouseClick	1	57	60		
1549228	LeftMouseClick	1	57	60		
1549418	LeftMouseClick	1	57	60		
1549832	LeftMouseClick	1	57	60		
1550030	LeftMouseClick	1	57	60		
1550236	LeftMouseClick	1	57	60		
1550470	LeftMouseClick	1	57	60		
1550843	LeftMouseClick	1	57	60		
1551049	LeftMouseClick	1	57	60		
1551227	LeftMouseClick	1	57	60		
1551413	LeftMouseClick	1	57	60		
1551607	LeftMouseClick	1	57	60		
1551781	LeftMouseClick	1	57	60		
1551947	LeftMouseClick	1	57	60		
1552126	LeftMouseClick	1	57	60		
1552319	LeftMouseClick	1	57	60		
1552501	LeftMouseClick	1	57	60		
1552695	LeftMouseClick	1	57	60		
1552877	LeftMouseClick	1	57	60		
1553063	LeftMouseClick	1	57	60		
1553249	LeftMouseClick	1	57	60		
1553423	LeftMouseClick	1	57	60		
1553605	LeftMouseClick	1	57	60		
1553815	LeftMouseClick	1	57	60		
1554212	LeftMouseClick	1	57	60		
1554522	LeftMouseClick	1	57	60		
1555401	LeftMouseClick	1	340	72		
1556265	LeftMouseClick	1	264	277		
1556754	LeftMouseClick	1	167	55		
1557300	LeftMouseClick	1	325	465		
1557831	LeftMouseClick	1	633	305		
1558216	LeftMouseClick	1	598	285		
1559330	LeftMouseClick	1	651	499		
1559683	LeftMouseClick	1	598	562		
1560085	LeftMouseClick	1	210	458		
1561678	LeftMouseClick	1	314	79		
1563236	LeftMouseClick	1	303	74		
1564359	LeftMouseClick	1	38	75		
1564756	LeftMouseClick	1	38	75		
1565102	LeftMouseClick	1	38	75		
1565256	LeftMouseClick	1	38	75		
1565482	LeftMouseClick	1	38	75		
1565620	LeftMouseClick	1	38	75		
1565758	LeftMouseClick	1	38	75		
1565892	LeftMouseClick	1	38	75		
1566038	LeftMouseClick	1	38	75		
1566180	LeftMouseClick	1	38	75		
1566346	LeftMouseClick	1	38	75		
1566516	LeftMouseClick	1	38	75		
1566658	LeftMouseClick	1	38	75		
1566848	LeftMouseClick	1	38	75		
1567070	LeftMouseClick	1	38	75		
1567958	LeftMouseClick	1	117	75		
1573120	LeftMouseClick	1	396	78		
1573299	LeftMouseClick	1	327	68		
1573721	LeftMouseClick	1	356	82		
1573987	LeftMouseClick	1	102	516		
1574521	LeftMouseClick	1	160	67		
1575255	LeftMouseClick	1	801	742		
1575917	LeftMouseClick	1	657	495		
1576233	LeftMouseClick	1	612	559		
1576587	LeftMouseClick	1	220	514		
1577335	LeftMouseClick	1	161	75		
1580993	LeftMouseClick	1	933	439		
1581690	LeftMouseClick	1	595	496		
1581951	LeftMouseClick	1	612	495		
1582209	LeftMouseClick	1	593	576		
1582751	LeftMouseClick	1	133	348		
1583784	LeftMouseClick	1	122	78		
1585583	LeftMouseClick	1	296	80		
1586712	LeftMouseClick	1	94	52		
1588020	LeftMouseClick	1	306	70		
1595285	LeftMouseClick	1	933	480		
1595992	LeftMouseClick	1	617	502		
1596320	LeftMouseClick	1	613	564		
1596805	LeftMouseClick	1	606	212		
1597087	LeftMouseClick	1	603	267		
1597823	LeftMouseClick	1	632	500		
1598568	LeftMouseClick	1	602	565		
1599678	LeftMouseClick	1	613	537		
1603363	LeftMouseClick	1	36	64		
1604284	LeftMouseClick	1	158	69		
1606753	LeftMouseClick	1	297	79		
1607195	LeftMouseClick	1	297	79		
1607812	LeftMouseClick	1	297	79		
1608237	LeftMouseClick	1	297	79		
1609219	LeftMouseClick	1	362	75		
1609845	LeftMouseClick	1	152	71		
1610811	LeftMouseClick	1	785	782		
1612159	LeftMouseClick	1	616	496		
1613789	LeftMouseClick	1	608	567		
1614400	LeftMouseClick	1	910	478		
1614973	LeftMouseClick	1	922	466		
1616345	LeftMouseClick	1	652	566		
1617247	LeftMouseClick	1	136	77		
1619271	LeftMouseClick	1	286	73		
1622239	LeftMouseClick	1	117	85		
1628896	LeftMouseClick	1	939	467		
1629964	LeftMouseClick	1	616	505		
1631359	LeftMouseClick	1	604	567		
1633281	LeftMouseClick	1	62	81		
1634320	LeftMouseClick	1	181	80		
1636395	LeftMouseClick	1	299	70		
1637215	LeftMouseClick	1	136	63		
1639550	LeftMouseClick	1	344	65		
1640929	LeftMouseClick	1	157	60		
1644642	LeftMouseClick	1	795	733		
1645493	LeftMouseClick	1	609	495		
1645910	LeftMouseClick	1	606	568		
1647576	LeftMouseClick	1	33	81		
1648037	LeftMouseClick	1	34	81		
1648414	LeftMouseClick	1	34	81		
1649286	LeftMouseClick	1	34	81		
1649629	LeftMouseClick	1	34	81		
1650071	LeftMouseClick	1	34	81		
1650876	LeftMouseClick	1	34	81		
1651281	LeftMouseClick	1	34	81		
1651639	LeftMouseClick	1	34	81		
1652109	LeftMouseClick	1	34	81		
1652487	LeftMouseClick	1	34	81		
1652964	LeftMouseClick	1	34	81		
1653266	LeftMouseClick	1	34	81		
1653722	LeftMouseClick	1	35	81		
1653956	LeftMouseClick	1	35	81		
1654158	LeftMouseClick	1	35	81		
1654516	LeftMouseClick	1	35	81		
1654706	LeftMouseClick	1	35	81		
1654924	LeftMouseClick	1	35	81		
1655134	LeftMouseClick	1	35	81		
1655375	LeftMouseClick	1	35	81		
1655613	LeftMouseClick	1	35	81		
1655903	LeftMouseClick	1	35	81		
1656481	LeftMouseClick	1	35	81		
1656734	LeftMouseClick	1	35	81		
1657044	LeftMouseClick	1	35	81		
1657270	LeftMouseClick	1	35	81		
1681325	LeftMouseClick	1	430	737		
1682419	LeftMouseClick	1	692	576		
1683572	LeftMouseClick	1	287	75		
1685162	LeftMouseClick	1	418	769		
1686190	LeftMouseClick	1	607	502		
1686569	LeftMouseClick	1	602	578		
1687146	LeftMouseClick	1	587	288		
1688091	LeftMouseClick	1	611	500		
1688840	LeftMouseClick	1	592	574		
1689425	LeftMouseClick	1	779	752		
1689755	LeftMouseClick	1	789	755		
1690526	LeftMouseClick	1	709	580		
1690769	LeftMouseClick	1	689	573		
1692292	LeftMouseClick	1	376	71		
1692765	LeftMouseClick	1	112	67		
1693800	LeftMouseClick	1	807	755		
1694485	LeftMouseClick	1	615	493		
1694835	LeftMouseClick	1	631	562		
1695974	LeftMouseClick	1	806	748		
1696557	LeftMouseClick	1	610	500		
1696906	LeftMouseClick	1	609	586		
1697144	LeftMouseClick	1	604	568		
1697707	LeftMouseClick	1	926	475		
1698638	LeftMouseClick	1	622	492		
1700110	LeftMouseClick	1	602	566		
1700513	LeftMouseClick	1	684	385		
1700776	LeftMouseClick	1	613	203		
1701067	LeftMouseClick	1	598	257		
1701771	LeftMouseClick	1	614	494		
1702060	LeftMouseClick	1	603	566		
1702358	LeftMouseClick	1	535	572		
1703145	LeftMouseClick	1	381	784		
1704243	LeftMouseClick	1	426	770		
1706142	LeftMouseClick	1	676	500		
1706536	LeftMouseClick	1	609	500		
1706985	LeftMouseClick	1	613	562		
1707496	LeftMouseClick	1	125	413		
1708177	LeftMouseClick	1	144	90		
1710572	LeftMouseClick	1	299	84		
1714167	LeftMouseClick	1	152	53		
1715402	LeftMouseClick	1	320	75		
1715731	LeftMouseClick	1	348	68		
1716742	LeftMouseClick	1	799	757		
1717145	LeftMouseClick	1	161	458		
1717825	LeftMouseClick	1	675	575		
1718122	LeftMouseClick	1	150	369		
1718594	LeftMouseClick	1	117	78		
1718955	LeftMouseClick	1	1095	678		
1719464	LeftMouseClick	1	770	765		
1719794	LeftMouseClick	1	801	770		
1720538	LeftMouseClick	1	590	498		
1721049	LeftMouseClick	1	617	497		
1721602	LeftMouseClick	1	595	569		
1722554	LeftMouseClick	1	927	457		
1723433	LeftMouseClick	1	619	496		
1723664	LeftMouseClick	1	602	561		
1723926	LeftMouseClick	1	642	429		
1724171	LeftMouseClick	1	588	306		
1724509	LeftMouseClick	1	593	293		
1725183	LeftMouseClick	1	616	502		
1725416	LeftMouseClick	1	606	565		
1725664	LeftMouseClick	1	618	492		
1726189	LeftMouseClick	1	415	751		
1727161	LeftMouseClick	1	422	794		
1727805	LeftMouseClick	1	605	498		
1728298	LeftMouseClick	1	666	501		
1728887	LeftMouseClick	1	613	564		
1729221	LeftMouseClick	1	656	466		
1730302	LeftMouseClick	1	359	442		
1731263	LeftMouseClick	1	626	500		
1731457	LeftMouseClick	1	566	502		
1731771	LeftMouseClick	1	588	496		
1732182	LeftMouseClick	1	581	580		
1732558	LeftMouseClick	1	697	475		
1738642	LogData	0	Distracted Start	 		
1739245	LogData	0	Distracted End	 		
1739369	LeftMouseClick	1	435	769		
1740990	LeftMouseClick	1	618	501		
1741520	LeftMouseClick	1	611	569		
1745293	LeftMouseClick	1	48	81		
1745678	LeftMouseClick	1	48	81		
1745872	LeftMouseClick	1	48	81		
1746026	LeftMouseClick	1	48	81		
1746164	LeftMouseClick	1	48	81		
1746294	LeftMouseClick	1	48	81		
1746420	LeftMouseClick	1	48	81		
1747248	LeftMouseClick	1	124	76		
1749414	LeftMouseClick	1	304	75		
1750768	LeftMouseClick	1	362	75		
1750982	LeftMouseClick	1	362	75		
1751380	LeftMouseClick	1	292	490		
1751914	LeftMouseClick	1	145	36		
1752426	LeftMouseClick	1	112	400		
1752837	LeftMouseClick	1	117	110		
1753082	LeftMouseClick	1	117	80		
1753372	LeftMouseClick	1	143	530		
1754564	LeftMouseClick	1	790	774		
1755241	LeftMouseClick	1	606	507		
1755599	LeftMouseClick	1	607	544		
1756681	LeftMouseClick	1	595	573		
1757010	LeftMouseClick	1	887	562		
1757294	LeftMouseClick	1	908	453		
1757870	LeftMouseClick	1	991	596		
1760326	LeftMouseClick	1	706	326		
1760962	LeftMouseClick	1	686	412		
1765579	LeftMouseClick	1	409	766		
1766362	LeftMouseClick	1	607	504		
1766699	LeftMouseClick	1	673	499		
1767024	LeftMouseClick	1	607	567		
1767274	LeftMouseClick	1	645	512		
1771228	LeftMouseClick	1	838	516		
1772160	LeftMouseClick	1	587	654		
1776434	LeftMouseClick	1	286	96		
1776749	LeftMouseClick	1	286	87		
1777190	LeftMouseClick	1	286	87		
1777580	LeftMouseClick	1	286	87		
1779208	LeftMouseClick	1	374	74		
1780050	LeftMouseClick	1	794	732		
1781414	LeftMouseClick	1	666	583		
1781998	LeftMouseClick	1	162	62		
1782404	LeftMouseClick	1	945	714		
1782734	LeftMouseClick	1	810	772		
1783579	LeftMouseClick	1	616	496		
1784069	LeftMouseClick	1	597	569		
1784357	LeftMouseClick	1	922	622		
1784637	LeftMouseClick	1	906	484		
1784872	LeftMouseClick	1	927	454		
1789044	LeftMouseClick	1	626	496		
1790325	LeftMouseClick	1	593	564		
1792638	LeftMouseClick	1	933	478		
1793620	LeftMouseClick	1	701	572		
1794971	LeftMouseClick	1	294	78		
1801354	LogData	0	Distracted Start	 		
1801756	LogData	0	Distracted End	 		
1803378	LeftMouseClick	1	134	64		
1804844	LeftMouseClick	1	288	82		
1805232	LeftMouseClick	1	372	66		
1806702	LeftMouseClick	1	91	66		
1807043	LeftMouseClick	1	918	615		
1807429	LeftMouseClick	1	805	738		
1808088	LeftMouseClick	1	809	724		
1824770	LeftMouseClick	1	442	755		
1826413	LeftMouseClick	1	643	564		
1827057	LeftMouseClick	1	791	751		
1827828	LeftMouseClick	1	613	507		
1828126	LeftMouseClick	1	598	580		
1830041	LeftMouseClick	1	138	82		
1834720	LogData	0	End	 		
1840636	LeftMouseClick	1	1277	0		
1840908	ScreenRecStopped	16384	0	0		
1841287	LeftMouseClick	1	749	428		
